-- phpMyAdmin SQL Dump
-- version 4.9.1
-- https://www.phpmyadmin.net/
--
-- Host: localhost
-- Generation Time: Jun 27, 2024 at 06:57 PM
-- Server version: 10.3.17-MariaDB
-- PHP Version: 7.4.11

SET SQL_MODE = "NO_AUTO_VALUE_ON_ZERO";
SET AUTOCOMMIT = 0;
START TRANSACTION;
SET time_zone = "+00:00";


/*!40101 SET @OLD_CHARACTER_SET_CLIENT=@@CHARACTER_SET_CLIENT */;
/*!40101 SET @OLD_CHARACTER_SET_RESULTS=@@CHARACTER_SET_RESULTS */;
/*!40101 SET @OLD_COLLATION_CONNECTION=@@COLLATION_CONNECTION */;
/*!40101 SET NAMES utf8mb4 */;

--
-- Database: `regencydb`
--

-- --------------------------------------------------------

--
-- Table structure for table `category`
--

CREATE TABLE `category` (
  `id` int(11) NOT NULL,
  `name` varchar(30) DEFAULT NULL,
  `note` varchar(100) DEFAULT NULL
) ENGINE=InnoDB DEFAULT CHARSET=utf8;

--
-- Dumping data for table `category`
--

INSERT INTO `category` (`id`, `name`, `note`) VALUES
(1, 'income', ''),
(2, 'mowing', ''),
(3, 'maintenance', ''),
(4, 'insurance', ''),
(5, 'postage', ''),
(6, 'state_fee', ''),
(7, 'bank_charge', ''),
(8, 'ret_chk_fee', ''),
(9, 'supplies', '');

-- --------------------------------------------------------

--
-- Table structure for table `deposit`
--

CREATE TABLE `deposit` (
  `id` int(11) NOT NULL,
  `fk_cat_id` int(11) DEFAULT NULL,
  `dt` date DEFAULT NULL,
  `is_reconciled` tinyint(1) DEFAULT NULL,
  `amount` decimal(10,2) DEFAULT NULL,
  `note` varchar(50) DEFAULT NULL,
  `ck_no` int(11) DEFAULT NULL,
  `payee` varchar(50) DEFAULT NULL
) ENGINE=InnoDB DEFAULT CHARSET=utf8;

--
-- Dumping data for table `deposit`
--

INSERT INTO `deposit` (`id`, `fk_cat_id`, `dt`, `is_reconciled`, `amount`, `note`, `ck_no`, `payee`) VALUES
(0, NULL, '2000-01-01', 0, '40.00', 'Transaction for deposit exceptions', NULL, NULL),
(1, NULL, '2007-03-15', 0, '80.00', NULL, NULL, NULL),
(2, NULL, '2007-03-30', 0, '40.00', NULL, NULL, NULL),
(3, NULL, '2007-06-24', 0, '1280.00', NULL, NULL, NULL),
(4, NULL, '2007-07-10', 0, '1040.00', NULL, NULL, NULL),
(5, NULL, '2007-07-16', 0, '200.00', NULL, NULL, NULL),
(6, NULL, '2007-08-01', 0, '80.00', NULL, NULL, NULL),
(7, NULL, '2007-09-04', 0, '280.00', NULL, NULL, NULL),
(8, NULL, '2007-09-17', 0, '40.00', NULL, NULL, NULL),
(9, NULL, '2007-10-15', 0, '160.00', NULL, NULL, NULL),
(10, NULL, '2007-05-29', 0, '80.00', NULL, NULL, NULL),
(11, NULL, '2013-08-22', 0, '1150.00', NULL, NULL, NULL),
(12, NULL, '2013-08-26', 0, '550.00', NULL, NULL, NULL),
(13, NULL, '2013-09-16', 0, '900.00', NULL, NULL, NULL),
(14, NULL, '2013-10-07', 0, '150.00', NULL, NULL, NULL),
(15, NULL, '2013-10-22', 0, '150.00', NULL, NULL, NULL),
(16, NULL, '2013-10-25', 0, '50.00', NULL, NULL, NULL),
(17, NULL, '2013-11-13', 0, '50.00', NULL, NULL, NULL),
(18, NULL, '2013-12-26', 0, '50.00', NULL, NULL, NULL),
(19, NULL, '2013-06-04', 0, '50.00', NULL, NULL, NULL),
(20, NULL, '2014-02-24', 0, '100.00', NULL, NULL, NULL),
(21, NULL, '2006-06-14', 0, '720.00', NULL, NULL, NULL),
(22, NULL, '2006-06-19', 0, '880.00', NULL, NULL, NULL),
(23, NULL, '2006-06-26', 0, '240.00', NULL, NULL, NULL),
(24, NULL, '2006-06-15', 0, '240.00', NULL, NULL, NULL),
(25, NULL, '2006-07-11', 0, '320.00', NULL, NULL, NULL),
(26, NULL, '2006-07-31', 0, '120.00', NULL, NULL, NULL),
(27, NULL, '2005-04-25', 0, '80.00', NULL, NULL, NULL),
(28, NULL, '2005-05-12', 0, '960.00', NULL, NULL, NULL),
(29, NULL, '2005-05-16', 0, '360.00', NULL, NULL, NULL),
(30, NULL, '2005-05-23', 0, '280.00', NULL, NULL, NULL),
(31, NULL, '2005-06-13', 0, '400.00', NULL, NULL, NULL),
(32, NULL, '2005-07-05', 0, '280.00', NULL, NULL, NULL),
(33, NULL, '2005-08-08', 0, '80.00', NULL, NULL, NULL),
(34, NULL, '2005-10-11', 0, NULL, NULL, NULL, NULL),
(35, NULL, '2008-04-29', 0, '40.00', NULL, NULL, NULL),
(36, NULL, '2008-05-21', 0, '1160.00', NULL, NULL, NULL),
(37, NULL, '2008-06-02', 0, '200.00', NULL, NULL, NULL),
(38, NULL, '2008-06-09', 0, '320.00', NULL, NULL, NULL),
(39, NULL, '2008-06-23', 0, '360.00', NULL, NULL, NULL),
(40, NULL, '2008-07-07', 0, '160.00', NULL, NULL, NULL),
(41, NULL, '2008-08-19', 0, '200.00', NULL, NULL, NULL),
(42, NULL, '2008-09-02', 0, '80.00', NULL, NULL, NULL),
(43, NULL, '2008-09-22', 0, '40.00', NULL, NULL, NULL),
(44, NULL, '2008-12-08', 0, '40.00', NULL, NULL, NULL),
(45, NULL, '2009-02-09', 0, '40.00', NULL, NULL, NULL),
(46, NULL, '2009-05-14', 0, '50.00', NULL, NULL, NULL),
(47, NULL, '2009-06-05', 0, '220.00', NULL, NULL, NULL),
(48, NULL, '2009-07-06', 0, '650.00', NULL, NULL, NULL),
(49, NULL, '2009-07-13', 0, '850.00', NULL, NULL, NULL),
(50, NULL, '2009-07-14', 0, '200.00', NULL, NULL, NULL),
(51, NULL, '2009-07-27', 0, '19.40', NULL, NULL, NULL),
(52, NULL, '2009-08-10', 0, '950.00', NULL, NULL, NULL),
(53, NULL, '2009-09-25', 0, '100.00', NULL, NULL, NULL),
(54, NULL, '2009-10-21', 0, '100.00', NULL, NULL, NULL),
(55, NULL, '2011-02-22', 0, '50.00', NULL, NULL, NULL),
(56, NULL, '2011-04-05', 0, '50.00', NULL, NULL, NULL),
(57, NULL, '2011-05-27', 0, '1950.00', NULL, NULL, NULL),
(58, NULL, '2011-06-20', 0, '700.00', NULL, NULL, NULL),
(59, NULL, '2011-08-01', 0, '350.00', NULL, NULL, NULL),
(60, NULL, '2011-11-08', 0, '50.00', NULL, NULL, NULL),
(61, NULL, '2011-11-25', 0, '50.00', NULL, NULL, NULL),
(62, NULL, '2012-04-10', 0, '100.00', NULL, NULL, NULL),
(63, NULL, '2012-04-16', 0, '50.00', NULL, NULL, NULL),
(64, NULL, '2012-07-05', 0, '2100.00', NULL, NULL, NULL),
(65, NULL, '2012-08-27', 0, '800.00', NULL, NULL, NULL),
(66, NULL, '2012-10-31', 0, '50.00', NULL, NULL, NULL),
(67, NULL, '2014-02-28', 0, '50.00', NULL, NULL, NULL),
(68, NULL, '2014-07-22', 0, '50.00', NULL, NULL, NULL),
(69, NULL, '2014-09-29', 0, '550.00', NULL, NULL, NULL),
(70, NULL, '2014-09-30', 0, '1150.00', NULL, NULL, NULL),
(71, NULL, '2014-10-06', 0, '1300.00', NULL, NULL, NULL),
(72, NULL, '2014-10-13', 0, '150.00', NULL, NULL, NULL),
(73, NULL, '2014-11-03', 0, '100.00', NULL, NULL, NULL),
(74, NULL, '2014-11-07', 0, '250.00', NULL, NULL, NULL),
(75, NULL, '2014-11-21', 0, '50.00', NULL, NULL, NULL),
(76, NULL, '2014-12-15', 0, '50.00', NULL, NULL, NULL),
(77, NULL, '2015-01-10', 0, '100.00', NULL, NULL, NULL),
(78, NULL, '2015-02-06', 0, '100.00', NULL, NULL, NULL),
(79, NULL, '2015-07-07', 0, '100.00', NULL, NULL, NULL),
(80, NULL, '2015-09-22', 0, '1360.00', NULL, NULL, NULL),
(81, NULL, '2015-10-09', 0, '400.00', NULL, NULL, NULL),
(82, NULL, '2015-10-30', 0, '200.00', NULL, NULL, NULL),
(83, NULL, '2015-11-21', 0, '200.00', NULL, NULL, NULL),
(84, NULL, '2016-01-19', 0, '40.00', NULL, NULL, NULL),
(85, NULL, '2016-03-19', 0, '40.00', NULL, NULL, NULL),
(86, NULL, '2016-06-01', 0, '0.00', 'NULL transaction,  incorrectly entered', NULL, NULL),
(87, NULL, '2016-06-10', 0, '40.00', NULL, NULL, NULL),
(88, NULL, '2016-07-18', 0, '40.00', NULL, NULL, NULL),
(89, NULL, '2016-08-13', 0, '80.00', NULL, NULL, NULL),
(90, NULL, '2016-11-16', 0, '120.00', NULL, NULL, NULL),
(91, NULL, '2016-12-03', 0, '920.00', NULL, NULL, NULL),
(92, NULL, '2016-12-19', 0, '720.00', NULL, NULL, NULL),
(93, NULL, '2017-02-11', 0, '390.00', NULL, NULL, NULL),
(94, NULL, '2017-03-20', 0, '80.00', NULL, NULL, NULL),
(95, NULL, '2017-06-26', 0, '160.00', NULL, NULL, NULL),
(96, NULL, '2017-10-21', 0, '80.00', NULL, NULL, NULL),
(97, NULL, '2017-11-11', 0, '40.00', NULL, NULL, NULL),
(98, NULL, '2017-12-22', 0, '1400.00', NULL, NULL, NULL),
(99, NULL, '2018-01-06', 0, '600.00', NULL, NULL, NULL),
(100, NULL, '2018-01-20', 0, '40.00', NULL, NULL, NULL),
(101, NULL, '2018-02-12', 0, '210.00', NULL, NULL, NULL),
(102, NULL, '2018-06-11', 0, '80.00', NULL, NULL, NULL),
(103, NULL, '2018-12-03', 0, '1480.00', NULL, NULL, NULL),
(104, NULL, '2019-01-15', 0, '680.00', NULL, NULL, NULL),
(105, NULL, '2019-04-23', 0, '200.00', NULL, NULL, NULL),
(106, NULL, '2019-06-07', 0, '80.00', NULL, NULL, NULL),
(107, NULL, '2019-07-10', 0, '120.00', NULL, NULL, NULL),
(108, NULL, '2019-09-03', 0, '160.00', NULL, NULL, NULL),
(109, NULL, '2019-12-14', 0, '1640.00', NULL, NULL, NULL),
(110, NULL, '2020-01-04', 0, '560.00', NULL, NULL, NULL),
(111, NULL, '2020-01-04', 0, '200.00', NULL, NULL, NULL),
(112, NULL, '2020-04-27', 0, '40.00', NULL, NULL, NULL),
(113, NULL, '2020-05-01', 0, '40.00', NULL, NULL, NULL),
(114, NULL, '2020-06-10', 0, '80.00', NULL, NULL, NULL),
(115, NULL, '2020-07-29', 0, '40.00', NULL, NULL, NULL),
(116, NULL, '2020-08-10', 0, '40.00', NULL, NULL, NULL),
(117, NULL, '2020-11-02', 0, '120.00', NULL, NULL, NULL),
(118, NULL, '2020-11-13', 0, '120.00', NULL, NULL, NULL),
(119, NULL, '2020-11-20', 0, '720.00', NULL, NULL, NULL),
(120, NULL, '2020-12-04', 0, '800.00', NULL, NULL, NULL),
(121, NULL, '2020-12-29', 0, '320.00', NULL, NULL, NULL),
(122, NULL, '2021-02-15', 0, '320.00', NULL, NULL, NULL),
(123, NULL, '2021-03-31', 0, '360.00', NULL, NULL, NULL),
(124, NULL, '2021-05-06', 0, '40.00', NULL, NULL, NULL),
(125, NULL, '2021-10-18', 0, '120.00', NULL, NULL, NULL),
(126, NULL, '2021-11-26', 0, '760.00', NULL, NULL, NULL),
(127, NULL, '2021-12-20', 0, '680.00', NULL, NULL, NULL),
(128, NULL, '2022-01-19', 0, '320.00', NULL, NULL, NULL),
(129, NULL, '2022-03-28', 0, '200.00', NULL, NULL, NULL),
(130, NULL, '2022-04-30', 0, '120.00', NULL, NULL, NULL),
(131, NULL, '2022-05-11', 0, '160.00', NULL, NULL, NULL),
(132, NULL, '2022-05-12', 0, '620.00', NULL, NULL, NULL),
(133, NULL, '2022-08-31', 0, '200.00', NULL, NULL, NULL),
(134, NULL, '2022-10-05', 0, '80.00', NULL, NULL, NULL),
(135, NULL, '2022-11-25', 0, '480.00', NULL, NULL, NULL),
(136, NULL, '2022-12-02', 0, '720.00', NULL, NULL, NULL),
(137, NULL, '2022-12-27', 0, '600.00', NULL, NULL, NULL),
(138, NULL, '2023-02-25', 0, '400.00', NULL, NULL, NULL),
(139, NULL, '2023-04-11', 0, '105.00', NULL, NULL, NULL),
(140, NULL, '2023-07-25', 0, '80.00', NULL, NULL, NULL),
(141, NULL, '2023-10-04', 0, '40.00', NULL, NULL, NULL),
(142, NULL, '2023-12-02', 0, '1080.00', NULL, NULL, NULL),
(143, NULL, '2023-12-12', 0, '375.00', NULL, NULL, NULL),
(144, NULL, '2023-12-15', 0, '160.00', NULL, NULL, NULL),
(145, NULL, '2024-01-02', 0, '280.00', NULL, NULL, NULL),
(146, NULL, '2024-01-03', 0, '80.00', NULL, NULL, NULL),
(147, NULL, '2024-02-22', 0, '320.00', NULL, NULL, NULL),
(148, NULL, '2024-06-10', 0, '40.00', NULL, NULL, NULL);

-- --------------------------------------------------------

--
-- Table structure for table `expense`
--

CREATE TABLE `expense` (
  `id` int(11) NOT NULL,
  `fk_cat_id` int(11) DEFAULT NULL,
  `dt` date DEFAULT NULL,
  `ck_no` int(11) DEFAULT NULL,
  `payee` varchar(50) DEFAULT NULL,
  `amount` decimal(10,2) DEFAULT NULL,
  `note` varchar(50) DEFAULT NULL
) ENGINE=InnoDB DEFAULT CHARSET=utf8;

--
-- Dumping data for table `expense`
--

INSERT INTO `expense` (`id`, `fk_cat_id`, `dt`, `ck_no`, `payee`, `amount`, `note`) VALUES
(1, 4, '2004-02-11', 1085, 'State Farm', '887.00', 'Insurance'),
(2, 5, '2004-04-06', 1086, 'Postmaster', '40.44', 'Postmaster'),
(3, 3, '2004-06-27', 1087, 'Kluesner Enterprises', '700.00', 'Maintenance'),
(4, 2, '2004-08-16', 1088, 'Roger Yoakum', '315.00', 'Mowing (from register)'),
(5, 2, '2004-08-31', 1089, 'Kluesner Enterprises', '280.00', 'Mowing'),
(6, 2, '2004-09-25', 1090, 'Kluesner Enterprises', '140.00', 'Mowing (from register)'),
(7, 2, '2004-11-06', 1091, 'Kluesner Enterprises', '140.00', 'Mowing'),
(8, 5, '2005-03-07', 1092, 'Postmaster', '78.00', 'Post Office Box'),
(9, 4, '2005-04-11', 1093, 'State Farm', '887.00', 'Insurance'),
(10, 5, '2005-04-27', 1094, 'Postmaster', '27.75', 'Postage for fee letters'),
(11, 2, '2005-05-08', 1095, 'Kluesner Enterprises', '140.00', 'Mowing'),
(12, 6, '2005-05-16', 1096, 'Director Of Revenue', '45.00', 'Reinstatement fee'),
(13, 2, '2005-05-21', 1097, 'Kluesner Enterprises', '200.00', 'Mowing'),
(14, 2, '2005-06-13', 1098, 'Kluesner Enterprises', '200.00', 'Mowing'),
(15, 2, '2005-08-07', 1099, 'Heath Clips Lawn Care', '340.00', 'Mowing'),
(16, 6, '2005-08-30', 1100, 'Steven Gomez', '10.00', 'State fees'),
(17, 2, '2005-10-03', 1101, 'Heath Clips Lawn Care', '340.00', 'Mowing'),
(18, 2, '2005-11-05', 1102, 'Heath Clips Lawn Care', '280.00', 'Mowing'),
(19, 5, '2006-02-19', 1103, 'Postmaster', '80.00', 'Post Office Box'),
(20, 4, '2006-02-19', 1104, 'State Farm', '887.00', 'Insurance'),
(21, 2, '2006-05-24', 1105, 'Heath Clips Lawn Care', '140.00', 'Mowing Fees'),
(22, 5, '2006-05-26', 1106, 'Postmaster', '31.58', 'Postage'),
(23, 2, '2006-06-17', 1107, 'Heath Clips Lawn Care', '200.00', 'Mowing Fees'),
(24, 2, '2006-06-30', 1108, 'Heath Clips Lawn Care', '140.00', 'Mowing Fees'),
(25, 6, '2006-07-29', 1109, 'Director Of Revenue', '15.00', 'State Registration Fees'),
(26, 2, '2006-09-14', 1110, 'Heath Clips Lawn Care', '360.00', 'Mowing Fees'),
(27, 2, '2006-11-09', 1111, 'Heath Clips Lawn Care', '140.00', 'Mowing Fees'),
(28, 2, '2006-12-01', 1112, 'Heath Clips Lawn Care', '200.00', 'Mowing Fees'),
(29, 5, '2007-03-15', 1113, 'Postmaster', '80.00', 'PO Box fee'),
(30, 4, '2007-03-17', 1114, 'State Farm', '887.00', 'Insurance'),
(31, 2, '2007-06-02', 1115, 'Heath Clips Lawn Care', '140.00', 'Invoice 250032'),
(32, 5, '2007-06-14', 1116, 'Postmaster', '41.26', 'Postage'),
(33, 2, '2007-06-24', 1117, 'Heath Clips Lawn Care', '340.00', 'Invoice 144367'),
(34, 2, '2007-07-15', 1118, 'Heath Clips Lawn Care', '140.00', 'Invoice 306920'),
(35, 5, '2007-08-08', 1119, 'Postmaster', '10.42', 'Registered letters (Arle, Prater)'),
(36, 2, '2007-08-24', 1120, 'Heath Clips Lawn Care', '340.00', 'Invoice # 48159'),
(37, 2, '2004-06-07', 1122, 'Lawn Care Unlimited', '300.00', 'Mowing'),
(38, 3, '2004-06-11', 1123, 'Kluesner Enterprises', '700.00', 'Maintenance'),
(39, 2, '2007-09-30', 1124, 'Heath Clips Lawn Care', '140.00', 'Invoice 387109'),
(40, 5, '2007-10-01', 1125, 'Postmaster', '5.77', 'Registered letter (Arle)'),
(41, 2, '2007-11-13', 1126, 'Heath Clips Lawn Care', '200.00', 'Invoice 387090'),
(42, 2, '2007-11-13', 1127, 'Heath Clips Lawn Care', '140.00', 'Invoice 714682'),
(43, 6, '2007-11-13', 1128, 'Steven Gomez', '15.00', 'State Fees'),
(44, 2, '2007-12-20', 1129, 'Heath Clips Lawn Care', '200.00', 'Invoice 715172'),
(45, 5, '2008-02-26', 1130, 'Postmaster', '92.00', 'PO Box Renewal'),
(46, 4, '2008-02-27', 1131, 'State Farm', '887.00', 'Liability Insurance'),
(47, 2, '2008-05-30', 1132, 'Heath Clips Lawn Care', '300.00', 'Invoice # 169'),
(48, 2, '2008-06-22', 1133, 'Heath Clips Lawn Care', '140.00', 'Invoice # 368'),
(49, 2, '2008-08-15', 1134, 'Heath Clips Lawn Care', '290.00', 'Invoice # 483'),
(50, 2, '2008-08-15', 1135, 'Heath Clips Lawn Care', '210.00', 'Invoice # 635'),
(51, 2, '2008-09-19', 1136, 'Heath Clips Lawn Care', '280.00', 'Invoice # 662'),
(52, 2, '2008-10-22', 1137, 'Heath Clips Lawn Care', '140.00', 'Invoice # 909'),
(53, 2, '2008-12-08', 1138, 'Heath Clips Lawn Care', '140.00', 'Invoice # 1033'),
(54, 6, '2008-10-27', 1139, 'Steven Gomez', '15.00', 'State fees'),
(55, 5, '2009-02-09', 1140, 'Postmaster', '94.00', 'PO Box Fee'),
(56, 4, '2009-04-11', 1141, 'State Farm', '713.00', 'Liability Insurance'),
(57, 3, '2009-05-01', 1142, 'Void', '0.00', 'Check withdrawn'),
(58, 3, '2009-05-04', 1143, 'Ron Erb', '585.00', 'Tree Removal'),
(59, 2, '2009-05-04', 1144, 'Ron Erb', '90.00', 'Mowing'),
(60, 5, '2009-05-15', 1145, 'Postmaster', '6.15', 'Registered letter (lot # 7)'),
(61, 2, '2009-06-03', 1146, 'Ron Erb', '180.00', 'Mowing'),
(62, 2, '2009-06-10', 1147, 'Heath Clips Lawn Care', '140.00', 'Invoice 1433'),
(63, 5, '2009-06-19', 1148, 'Postmaster', '35.20', 'First Fee Letter'),
(64, 2, '2009-07-05', 1149, 'Ron Erb', '90.00', 'Mowing June 25, 2009'),
(65, 2, '2009-07-05', 1150, 'Heath Clips Lawn Care', '140.00', 'Invoice 1522'),
(66, 2, '2009-08-10', 1151, 'Ron Erb', '90.00', 'Mowing July 6, 2009'),
(67, 2, '2009-08-10', 1152, 'Ron Erb', '90.00', 'Mowing July 21, 2009'),
(68, 2, '2009-08-10', 1153, 'Ron Erb', '90.00', 'Mowing July 23, 2009'),
(69, 2, '2009-09-18', 1154, 'Ron Erb', '90.00', 'Mowing July 7, 2009'),
(70, 2, '2009-09-18', 1155, 'Ron Erb', '90.00', 'Mowing Aug 13, 2009'),
(71, 2, '2009-10-01', 1156, 'Ron Erb', '90.00', 'Mowing (Sept 4)'),
(72, 3, '2009-10-01', 1157, 'Void', '0.00', 'Duplicate payment'),
(73, 6, '2009-10-01', 1158, 'Steven Gomez', '15.00', 'State Filing Fee'),
(74, 2, '2009-10-31', 1159, 'Ron Erb', '90.00', 'Mowing (Oct 1)'),
(75, 2, '2009-10-31', 1160, 'Ron Erb', '90.00', 'Mowing (Oct 19)'),
(76, 3, '2009-12-18', 1169, 'Ron Erb', '1200.00', 'Tree Removal'),
(77, 5, '2010-02-20', 1170, 'Postmaster', '96.00', 'PO Box renewal fee'),
(78, 4, '2010-03-12', 1171, 'State Farm', '713.00', 'Liability insurance'),
(79, 3, '2010-03-12', 1172, 'Ron Erb', '1030.00', 'City compliance project'),
(80, 5, '2010-04-16', 1173, 'Postmaster', '26.40', 'First fee letter'),
(81, 2, '2010-05-19', 1174, 'Ron Erb', '90.00', 'Mowing, April 19, 2010'),
(82, 2, '2010-05-19', 1175, 'Ron Erb', '90.00', 'Mowing, May 11, 2010'),
(83, 5, '2010-06-08', 1176, 'Postmaster', '5.54', 'Certified letter to Ron Erb'),
(84, 3, '2010-07-03', 1177, 'Steven Gomez', '43.37', 'Hip waders for trenching'),
(85, 2, '2010-07-03', 1178, 'Ron Erb', '270.00', 'Mowing, May 25 & June 8'),
(86, 3, '2010-07-13', 1179, 'Selective Lawn', '513.39', 'Basin cleanup & mowing'),
(87, 2, '2010-08-09', 1180, 'Darla Yoakum', '100.00', 'Basin mowing'),
(88, 9, '2010-08-10', 1181, 'Void', '0.00', 'OfficeMax supplies'),
(89, 9, '2010-08-10', 1182, 'Void', '0.00', 'OfficeMax denied check'),
(90, 9, '2010-09-03', 1183, 'Steven Gomez', '71.93', 'Envelopes & paper'),
(91, 2, '2010-09-03', 1184, 'Darla Yoakum', '100.00', 'Basin mowing'),
(92, 2, '2010-10-01', 1185, 'Darla Yoakum', '100.00', 'Basin mowing'),
(93, 3, '2010-11-12', 1186, 'Hansens Tree Service', '425.00', 'Stump grinding'),
(94, 6, '2010-11-12', 1187, 'Steven Gomez', '25.00', 'State fees'),
(95, 5, '2011-02-20', 1188, 'Postmaster', '96.00', 'PO Box renewal fee'),
(96, 4, '2011-04-04', 1189, 'State Farm', '765.00', 'Liability Insurance'),
(97, 3, '2011-05-05', 1190, 'Darla Yoakum', '400.00', 'Prep for stump removal'),
(98, 5, '2011-05-05', 1191, 'Postmaster', '26.40', 'First fee mailing'),
(99, 2, '2011-06-18', 1192, 'Darla Yoakum', '200.00', 'April & May Mowing'),
(100, 2, '2011-07-05', 1193, 'Darla Yoakum', '187.55', 'June mowing & weed killer'),
(101, 3, '2011-08-21', 1194, 'Void', '0.00', 'Incorrectly approved'),
(102, 3, '2011-08-21', 1195, 'Ron Erb', '650.00', ''),
(103, 2, '2011-08-21', 1196, 'Darla Yoakum', '100.00', 'July mowing'),
(104, 2, '2011-10-28', 1197, 'Darla Yoakum', '100.00', 'September mowing'),
(105, 2, '2012-05-04', 1199, 'Darla Yoakum', '100.00', 'March mowing'),
(106, 2, '2012-05-25', 1200, 'Darla Yoakum', '100.00', 'April mowing'),
(107, 4, '2012-04-10', 1201, 'State Farm', '765.00', 'Liability insurance'),
(108, 5, '2012-06-04', 1202, 'Postmaster', '27.00', 'Postage'),
(109, 3, '2012-07-01', 1203, 'Void', '0.00', 'Void (Incorrect amount)'),
(110, 3, '2012-07-01', 1204, 'Darla Yoakum', '48.10', 'Basin Maintenance Supplies'),
(111, 2, '2012-08-25', 1205, 'Darla Yoakum', '200.00', 'June & July mowing'),
(112, 2, '2012-10-05', 1206, 'Darla Yoakum', '100.00', 'August mowing'),
(113, 2, '2012-11-08', 1207, 'Darla Yoakum', '100.00', 'September mowing'),
(114, 6, '2012-11-22', 1208, 'Steven Gomez', '15.00', 'State Fees'),
(115, 2, '2012-12-17', 1209, 'Darla Yoakum', '100.00', 'November mowing'),
(116, 2, '2013-01-10', 1210, 'Roger Yoakum', '100.00', 'Missed mow payment from last year'),
(117, 5, '2013-01-25', 1211, 'Postmaster', '124.00', 'PO Box fee for 2013'),
(118, 4, '2013-04-02', 1212, 'State Farm', '810.00', 'Liability Insurance'),
(119, 2, '2013-06-03', 1213, 'Roger Yoakum', '100.00', '4/20/2013 Mowing'),
(120, 2, '2013-07-20', 1214, 'Roger Yoakum', '100.00', 'May mowing & spray'),
(121, 2, '2013-07-20', 1215, 'Roger Yoakum', '100.00', 'June mowing'),
(122, 5, '2013-08-08', 1216, 'Postmaster', '29.90', 'Fee mailing postage'),
(123, 2, '2013-09-14', 1217, 'Roger Yoakum', '100.00', 'July Mowing'),
(124, 2, '2013-09-14', 1218, 'Roger Yoakum', '100.00', 'August Mowing'),
(125, 2, '2013-12-06', 1220, 'Roger Yoakum', '100.00', 'October mowing'),
(126, 5, '2014-02-24', 1221, 'Postmaster', '128.00', 'Post Office Box'),
(127, 6, '2014-03-13', 1223, 'Steven Gomez', '15.00', 'State Fees (for 2013)'),
(128, 4, '2014-04-04', 1222, 'State Farm', '924.00', 'Liability Insurance'),
(131, 7, '2012-04-01', NULL, 'Bank charge', '3.00', 'Returning Check Images Monthly Charge'),
(132, 7, '2013-04-01', NULL, 'Bank charge', '3.00', 'Returning Check Images Monthly Charge'),
(133, 7, '2004-04-30', NULL, 'Bank charge', '17.00', 'Bank Service Charge'),
(134, 7, '2012-08-01', NULL, 'Bank charge', '3.00', 'Returning Check Images Monthly Charge'),
(135, 7, '2013-08-01', NULL, 'Bank charge', '3.00', 'Returning Check Images Monthly Charge'),
(136, 7, '2010-08-02', NULL, 'Bank service charge', '3.00', ''),
(137, 7, '2009-08-21', NULL, 'National City Bank', '20.00', 'New Checks'),
(138, 7, '2011-12-01', NULL, 'Bank charge', '6.00', 'Returning check images monthly charge'),
(139, 7, '2012-12-01', NULL, 'Bank charge', '3.00', 'Returning Check Images Monthly Charge'),
(140, 7, '2013-12-02', NULL, 'Bank charge', '3.00', ''),
(141, 7, '2012-02-01', NULL, 'Bank charge', '3.00', 'Returning Check Images Monthly Charge'),
(142, 7, '2013-02-01', NULL, 'Bank charge', '3.00', 'Returning Check Images Monthly Charge'),
(143, 7, '2010-12-19', NULL, 'Deposit Item Returned', '50.00', 'Returned check Lot 29'),
(144, 7, '2010-12-19', NULL, 'Returned check fee', '10.00', 'For item above'),
(145, 7, '2012-01-01', NULL, 'Bank charge', '3.00', 'Returning Check Images Monthly Charge'),
(146, 7, '2013-01-01', NULL, 'Bank charge', '3.00', 'Returning Check Images Monthly Charge'),
(147, 7, '2013-07-01', NULL, 'Bank charge', '3.00', 'Returning Check Images Monthly Charge'),
(148, 7, '2012-07-02', NULL, 'Bank charge', '3.00', 'Returning Check Images Monthly Charge'),
(149, 7, '2004-07-31', NULL, 'Bank charge', '1.50', 'Bank Service Charge'),
(150, 8, '2004-07-07', NULL, 'Bank charge', '40.00', 'Chargeback Item'),
(151, 8, '2004-07-07', NULL, 'Bank charge', '10.00', 'Chargeback Fee'),
(152, 7, '2012-06-01', NULL, 'Bank charge', '3.00', 'Returning Check Images Monthly Charge'),
(153, 7, '2013-06-01', NULL, 'Bank charge', '3.00', 'Returning Check Images Monthly Charge'),
(154, 7, '2004-06-30', NULL, 'Bank charge', '17.00', 'Bank Service Charge'),
(155, 7, '2012-03-01', NULL, 'Bank charge', '3.00', 'Returning Check Images Monthly Charge'),
(156, 7, '2013-03-01', NULL, 'Bank charge', '3.00', 'Returning Check Images Monthly Charge'),
(157, 5, '2012-03-21', 1198, 'Postmaster', '135.00', 'PO Box fee'),
(158, 7, '2004-04-30', NULL, 'Bank charge', '17.00', 'Bank Service Charge'),
(159, 7, '2012-05-01', NULL, 'Bank charge', '3.00', 'Returning Check Images Monthly Charge'),
(160, 7, '2013-05-01', NULL, 'Bank charge', '3.00', 'Returning Check Images Monthly Charge'),
(161, 7, '2009-05-27', NULL, 'National Bank', '2.50', 'Check reproduction fee'),
(162, 7, '2004-05-30', NULL, 'Bank charge', '17.00', 'Bank Service Charge'),
(163, 7, '2011-11-01', NULL, 'Bank charge', '3.00', 'Returning check images monthly charge'),
(164, 7, '2012-11-01', NULL, 'Bank charge', '3.00', 'Returning Check Images Monthly Charge'),
(165, 7, '2013-11-01', NULL, 'Bank charge', '3.00', 'Returning Check Images Monthly Charge'),
(166, 7, '2012-10-01', NULL, 'Bank charge', '3.00', 'Returning Check Images Monthly Charge'),
(167, 7, '2013-10-01', NULL, 'Bank charge', '3.00', 'Returning Check Images Monthly Charge'),
(168, 2, '2013-10-15', NULL, 'Roger Yoakum', '200.00', '9/5 & 9/26 Mowing & spray weeds'),
(169, 7, '2011-10-03', NULL, 'Bank charge', '3.00', 'Returning check images monthly charge'),
(170, 7, '2004-09-01', NULL, 'Bank charge', '8.50', 'Bank Service Charge'),
(171, 7, '2013-09-01', NULL, 'Bank charge', '9.00', 'Returning Check Images Monthly Charge'),
(172, 7, '2013-09-25', NULL, 'Adjustment (correction)', '10.00', 'Correction to deposit (transaction id 11)'),
(173, 7, '2012-09-04', NULL, 'Bank charge', '3.00', 'Returning Check Images Monthly Charge'),
(174, 7, '2014-01-02', NULL, 'Bank charge', '3.00', 'Returning Check Images Monthly Charge'),
(175, 7, '2014-02-03', NULL, 'Bank charge', '3.00', 'Returning Check Images Monthly Charge'),
(176, 7, '2014-03-03', NULL, 'Bank charge', '3.00', 'Returning Check Images Monthly Charge'),
(177, 7, '2014-04-01', NULL, 'Bank charge', '3.00', 'Returning Check Images Monthly Charge'),
(178, 7, '2014-05-01', NULL, 'Bank charge', '3.00', 'Returning Check Images Monthly Charge'),
(179, 7, '2014-06-02', NULL, 'Bank charge', '3.00', 'Returning Check Images Monthly Charge'),
(180, 7, '2014-07-01', NULL, 'Bank charge', '3.00', 'Returning Check Images Monthly Charge'),
(181, 2, '2014-05-25', 1224, 'Darla Yoakum', '100.00', 'Basin mowing (April 10, 2014)'),
(182, 2, '2014-06-27', 1225, 'Darla Yoakum', '100.00', 'Basin mowing (May 8, 2014)'),
(183, 7, '2014-08-01', NULL, 'Bank charge', '3.00', 'Returning Check Images Monthly Charge'),
(184, 2, '2014-08-02', 1226, 'Darla Yoakum', '100.00', 'Basin mowing (June 5, 2014)'),
(185, 7, '2014-09-01', NULL, 'Bank charge', '3.00', 'Returning Check Images Monthly Charge'),
(186, 2, '2014-09-02', 1227, 'Darla Yoakum', '100.00', 'Basin mowing (July 2014)'),
(187, 2, '2014-09-22', 1229, 'Darla Yoakum', '100.00', 'Basin mowing (August 2014)'),
(188, 5, '2014-09-17', 1228, 'Postmaster', '39.20', 'Postage for fee letters'),
(189, 2, '2014-10-20', 1230, 'Darla Yoakum', '100.00', 'Basin mowing (September 2014)'),
(190, 2, '2014-12-22', 1231, 'Darla Yoakum', '200.00', 'Basin mowing (October & November 2014)'),
(191, 5, '2015-02-06', 1232, 'Postmaster', '128.00', 'PO Box fee (for 2015)'),
(192, 4, '2015-04-15', 1233, 'State Farm', '924.00', 'Liability Insurance'),
(193, 2, '2015-05-29', 1234, 'Darla Yoakum', '200.00', 'Basin mowing'),
(194, 2, '2015-07-06', 1235, 'Darla Yoakum', '100.00', 'June Basin Mowing'),
(195, 3, '2015-07-06', NULL, 'Darla Yoakum', '66.18', 'Weed Supplies (Ref # 1235)'),
(196, 7, '2015-01-02', NULL, 'Bank charge', '3.00', 'Returning Check Images Monthly Charge'),
(197, 5, '2015-09-09', 1236, 'Postmaster', '34.30', 'Postage Stamps'),
(198, 2, '2015-10-03', 1237, 'Darla Yoakum', '200.00', 'July & August Basin Mowing'),
(199, 6, '2015-10-27', 1238, 'Steven Gomez', '16.25', 'State fees'),
(200, 2, '2015-10-03', 1239, 'Darla Yoakum', '200.00', 'Sept & Oct Basin Mowing'),
(201, 2, '2015-11-21', 1240, 'Darla Yoakum', '100.00', 'November Basin Mowing'),
(202, 5, '2016-02-26', 1242, 'Postmaster', '130.00', 'PO Box fee for 2016'),
(203, 4, '2016-02-29', 1241, 'State Farm', '993.00', 'Liability Insurance'),
(204, 2, '2016-04-18', 1243, 'Darla Yoakum', '100.00', 'March Basin mowing'),
(205, 2, '2016-05-13', 1261, 'Darla Yoakum', '100.00', 'April Basin mowing'),
(206, 2, '2016-07-11', 1244, 'Darla Yoakum', '100.00', 'May Basin mowing'),
(207, 2, '2016-08-27', 1245, 'Darla Yoakum', '200.00', 'June & July Basin mowing'),
(208, 6, '2016-10-13', 1246, 'Secretary of State', '15.50', 'State fees'),
(209, 2, '2016-10-14', 1247, 'Darla Yoakum', '200.00', 'August & September Basin mowing'),
(210, 2, '2016-11-18', 1248, 'Darla Yoakum', '100.00', 'October Basin mowing'),
(211, 5, '2016-11-19', 1249, 'Postmaster', '28.20', 'Postage Stamps'),
(212, 9, '2016-11-19', 1250, 'Office Depot', '9.33', 'Fee letter printing'),
(213, 7, '2017-01-05', NULL, 'Bank charge', '45.04', 'Signature Stamp (for PNC account)'),
(214, 5, '2017-01-05', 1251, 'Postmaster', '132.00', 'PO Box renewal fee'),
(215, 4, '2017-04-06', 1252, 'State Farm', '1090.00', 'Liability Insurance'),
(216, 2, '2017-04-20', 1253, 'Darla Yoakum', '100.00', 'March mowing'),
(217, 2, '2017-06-24', 1254, 'Darla Yoakum', '200.00', 'April & May mowing'),
(218, 2, '2017-08-04', 1255, 'Darla Yoakum', '100.00', 'June mowing'),
(219, 6, '2017-08-30', 1256, 'Secretary of State', '20.00', 'State Registration'),
(220, 6, '2017-08-30', 1257, 'Secretary of State', '16.25', 'State Registration'),
(221, 2, '2017-10-10', 1258, 'Darla Yoakum', '200.00', 'July & August mowing'),
(222, 2, '2017-10-16', 1259, 'Darla Yoakum', '200.00', 'Sept & Oct mowing'),
(223, 2, '2017-12-04', 1260, 'Darla Yoakum', '100.00', 'November mowing'),
(224, 5, '2017-12-05', 1262, 'Postmaster', '34.30', 'Postage Stamps'),
(225, 7, '2018-02-08', NULL, 'Bank charge', '19.99', 'New Checks'),
(226, 5, '2018-02-27', 1263, 'Postmaster', '140.00', 'PO Box renewal fee'),
(227, 4, '2018-04-06', 1264, 'State Farm', '1232.00', 'Liability Insurance'),
(228, 2, '2018-06-08', 1265, 'Darla Yoakum', '200.00', 'March & April Basin mowing'),
(229, 2, '2018-06-09', 1266, 'Darla Yoakum', '200.00', 'May & June Basin mowing'),
(230, 6, '2018-08-19', 1291, 'Secretary of State', '10.50', 'State Registration'),
(231, 2, '2018-09-12', 1292, 'Darla Yoakum', '200.00', 'July & August mowing'),
(232, 5, '2018-11-04', 1293, 'Schnucks', '31.50', 'Postage Stamps'),
(233, 9, '2018-11-04', 1294, 'OfficeMax', '43.82', 'Office Supplies'),
(234, 2, '2018-11-24', 1295, 'Darla Yoakum', '200.00', 'Sept & Oct mowing'),
(235, 5, '2019-03-20', 1267, 'Postmaster', '154.00', 'PO Box renewal fee'),
(236, 4, '2019-04-04', 1268, 'State Farm', '1232.00', 'Liability Insurance'),
(237, 2, '2019-05-28', 1269, 'Darla Yoakum', '100.00', 'April Basin mowing'),
(238, 2, '2019-05-05', 1270, 'Darla Yoakum', '200.00', 'May & June Basin mowing'),
(239, 2, '2019-09-02', 1271, 'Darla Yoakum', '100.00', 'July Basin mowing'),
(240, 2, '2019-10-26', 1272, 'Darla Yoakum', '200.00', 'Aug & Sept Basin mowing'),
(241, 6, '2019-10-31', 1273, 'Secretary of State', '15.50', 'State Registration'),
(242, 9, '2019-11-29', 1274, 'OfficeMax', '23.00', 'Printing, supplies'),
(243, 2, '2019-12-19', 1275, 'Darla Yoakum', '200.00', 'Oct & Nov Basin mowing'),
(244, 4, '2020-02-21', 1276, 'State Farm', '1316.00', 'Liability Insurance'),
(245, 5, '2020-04-29', 1277, 'Postmaster', '168.00', 'PO Box renewal fee'),
(246, 2, '2020-07-18', 1278, 'Darla Yoakum', '300.00', 'Apr, May, June Mowing'),
(247, 6, '2020-09-01', 0, 'Missouri Secretary of State', '10.50', 'Annual Renewal'),
(248, 2, '2020-10-05', 1279, 'Darla Yoakum', '200.00', 'July & August Mowing'),
(249, 5, '2020-11-03', 1280, 'Postmaster', '33.00', 'Postage Stamps'),
(250, 2, '2020-11-20', 1281, 'Darla Yoakum', '300.00', 'Sept, Oct, Nov Mowing'),
(251, 4, '2021-02-15', 1282, 'State Farm', '1316.00', 'Liability Insurance'),
(252, 5, '2021-04-01', 1283, 'Postmaster', '168.00', 'PO Box Renewal'),
(253, 5, '2021-04-01', 1284, 'Postmaster', '36.00', 'PO Box Renewal (price increase)'),
(254, 2, '2021-06-03', 1285, 'Darla Yoakum', '300.00', 'Mar, Apr, May Mowing'),
(255, 2, '2021-08-23', 1286, 'Darla Yoakum', '256.50', 'Jun, Jul Mowing & herbicide'),
(256, 6, '2021-10-16', 0, 'Missouri Secretary of State', '15.50', 'Annual Renewal'),
(257, 2, '2021-11-08', 1287, 'Darla Yoakum', '200.00', 'Aug & Sept Mowing'),
(258, 5, '2021-11-10', 1288, 'Postmaster', '46.40', 'Postage Stamps'),
(259, 2, '2021-12-20', 1289, 'Darla Yoakum', '200.00', 'Oct & Nov Mowing'),
(260, 4, '2022-03-19', 1290, 'State Farm', '1316.00', 'Liability Insurance'),
(261, 5, '2022-04-09', 1297, 'Postmaster', '232.00', 'PO Box Renewal'),
(262, 2, '2022-05-17', 1298, 'Darla Yoakum', '375.00', 'Mar, Apr, May Mowing'),
(263, 2, '2022-09-12', 1299, 'Darla Yoakum', '375.00', 'Jun, Jul, Aug Mowing'),
(264, 6, '2022-09-24', 1300, 'Missouri Secretary of State', '15.50', 'Annual Filing Fee'),
(265, 5, '2022-11-07', 0, 'Postmaster', '36.00', 'Postage Stamps (debit card)'),
(266, 9, '2022-11-14', 0, 'Office Depot', '174.86', 'Print Supplies (debit card)'),
(267, 2, '2022-12-29', 1301, 'Darla Yoakum', '375.00', 'Sep, Oct, Nov Mowing'),
(268, 4, '2023-02-25', 1302, 'State Farm', '1264.00', 'Liability Insurance'),
(269, 5, '2023-04-19', 0, 'Postmaster', '248.00', 'PO Box Renewal (debit)'),
(270, 2, '2023-05-29', 1303, 'Darla Yoakum', '125.00', 'Apr 2023 mowing'),
(271, 2, '2023-07-05', 1304, 'Darla Yoakum', '500.00', '3 Mowings & spray'),
(272, 2, '2023-09-05', 1305, 'Darla Yoakum', '125.00', 'July Mowing'),
(273, 6, '2023-09-10', 0, 'Missouri Secretary of State', '15.55', 'Annual Filing Fee (debit)'),
(274, 5, '2023-11-18', 0, 'Postmaster', '26.40', 'Postage Stamps (debit)'),
(275, 2, '2023-12-27', 1306, 'Darla Yoakum', '375.00', 'Sep, Oct, Nov Mowing'),
(276, 7, '2014-10-01', NULL, 'Bank charge', '3.00', 'Returning Check Images Monthly Charge'),
(277, 7, '2014-11-03', NULL, 'Bank charge', '3.00', 'Returning Check Images Monthly Charge'),
(278, 7, '2014-12-01', NULL, 'Bank charge', '3.00', 'Returning Check Images Monthly Charge'),
(279, 4, '2024-04-01', 1302, 'State Farm', '1380.00', 'Liability Insurance'),
(280, 5, '2024-04-15', 0, 'Postmaster', '256.00', 'PO Box Renewal (debit)');

-- --------------------------------------------------------

--
-- Table structure for table `fees`
--

CREATE TABLE `fees` (
  `id` int(11) NOT NULL,
  `dt` date DEFAULT NULL,
  `ck_no` int(11) NOT NULL,
  `amount` decimal(10,2) DEFAULT NULL,
  `fk_lot_id` int(11) NOT NULL,
  `fk_deposit_id` int(11) DEFAULT NULL,
  `note` varchar(250) DEFAULT NULL
) ENGINE=InnoDB DEFAULT CHARSET=utf8;

--
-- Dumping data for table `fees`
--

INSERT INTO `fees` (`id`, `dt`, `ck_no`, `amount`, `fk_lot_id`, `fk_deposit_id`, `note`) VALUES
(1, '2005-04-25', 4411, '40.00', 1, 27, ''),
(2, '2005-04-25', 1444, '40.00', 2, 27, ''),
(3, '2005-05-12', 997, '40.00', 3, 28, ''),
(4, '2005-05-12', 1670, '40.00', 4, 28, ''),
(5, '2005-05-12', 3059, '40.00', 5, 28, ''),
(6, '2005-05-12', 758, '40.00', 6, 28, ''),
(7, '2005-05-12', 5671, '40.00', 8, 28, ''),
(8, '2005-05-19', 91220, '40.00', 9, 28, 'Assured Title 7810437619'),
(9, '2005-05-12', 3581, '40.00', 11, 28, ''),
(10, '2005-05-12', 881, '40.00', 12, 28, ''),
(11, '2005-05-12', 1825, '40.00', 13, 28, ''),
(12, '2005-05-12', 4853, '40.00', 14, 28, ''),
(13, '2005-05-12', 1625, '40.00', 16, 28, ''),
(14, '2005-05-12', 3652, '40.00', 17, 28, ''),
(15, '2005-05-12', 6465, '40.00', 18, 28, ''),
(16, '2005-05-12', 3504, '40.00', 19, 28, ''),
(17, '2005-05-12', 2111, '40.00', 20, 28, ''),
(18, '2005-05-12', 1793, '40.00', 21, 28, ''),
(19, '2005-05-12', 3697, '40.00', 22, 28, ''),
(20, '2005-05-12', 2570, '40.00', 23, 28, ''),
(21, '2005-05-12', 6076, '40.00', 24, 28, ''),
(22, '2005-05-12', 2241, '40.00', 25, 28, ''),
(23, '2005-05-12', 6506, '40.00', 26, 28, ''),
(24, '2005-05-12', 4742, '40.00', 27, 28, ''),
(25, '2005-05-12', 2846, '40.00', 28, 28, ''),
(26, '2005-05-12', 889, '40.00', 30, 28, ''),
(27, '2005-05-16', 1281, '40.00', 31, 29, ''),
(28, '2005-05-16', 5221, '40.00', 32, 29, ''),
(29, '2005-05-16', 4696, '40.00', 33, 29, ''),
(30, '2005-07-05', 35447, '120.00', 34, 32, 'US Title File # 5-08920'),
(31, '2005-05-16', 4457, '40.00', 35, 29, ''),
(32, '2005-05-16', 999999, '40.00', 36, 29, ''),
(33, '2005-05-16', 20882838, '40.00', 38, 29, ''),
(34, '2005-05-16', 5236, '40.00', 39, 29, ''),
(35, '2005-05-16', 5966, '40.00', 40, 29, ''),
(36, '2005-05-16', 2971, '40.00', 41, 29, ''),
(37, '2005-05-23', 1549, '40.00', 42, 30, ''),
(38, '2005-05-23', 2883, '40.00', 43, 30, ''),
(39, '2005-05-23', 920, '40.00', 44, 30, ''),
(40, '2005-05-23', 1794, '40.00', 45, 30, ''),
(41, '2005-05-23', 2656, '40.00', 46, 30, ''),
(42, '2005-05-23', 144530, '40.00', 47, 30, 'Lanpar Corporation File # AB-05-0712'),
(43, '2005-05-23', 1691, '40.00', 48, 30, ''),
(44, '2005-06-13', 1592, '40.00', 49, 31, ''),
(45, '2005-06-13', 7132, '40.00', 50, 31, ''),
(46, '2005-06-13', 1516, '40.00', 51, 31, ''),
(47, '2005-06-13', 332, '40.00', 52, 31, ''),
(48, '2005-06-13', 2416, '40.00', 53, 31, ''),
(49, '2005-06-13', 556, '40.00', 54, 31, ''),
(50, '2005-06-13', 3725, '40.00', 55, 31, ''),
(51, '2005-06-13', 999999, '40.00', 56, 0, 'Gift for fire loss KE & SG'),
(53, '2005-06-13', 13159056, '40.00', 58, 31, ''),
(54, '2005-07-05', 4930, '40.00', 59, 32, ''),
(55, '2005-06-13', 720, '40.00', 60, 31, ''),
(56, '2005-06-13', 3005, '40.00', 61, 31, ''),
(57, '2005-07-05', 933, '40.00', 63, 32, ''),
(58, '2005-07-05', 1738, '40.00', 64, 32, ''),
(59, '2005-07-05', 2213, '40.00', 65, 32, ''),
(60, '2005-08-08', 1814, '40.00', 66, 33, ''),
(61, '2005-08-08', 8098, '40.00', 68, 33, ''),
(62, '2006-06-24', 4616, '40.00', 1, 24, ''),
(63, '2006-06-08', 1596, '40.00', 2, 23, ''),
(64, '2006-07-09', 1943, '40.00', 4, 25, ''),
(65, '2006-06-19', 3376, '40.00', 5, 22, ''),
(66, '2006-06-08', 878, '40.00', 6, 23, ''),
(67, '2006-06-06', 3207, '40.00', 9, 21, ''),
(68, '2006-07-09', 1744, '40.00', 10, 25, ''),
(69, '2006-07-09', 4062, '40.00', 11, 25, ''),
(70, '2006-06-06', 1188, '40.00', 12, 21, ''),
(71, '2006-06-17', 5052, '40.00', 14, 22, ''),
(72, '2006-06-17', 1796, '40.00', 16, 22, ''),
(73, '2006-06-06', 3769, '40.00', 17, 21, ''),
(74, '2006-06-06', 6666, '40.00', 18, 21, ''),
(75, '2006-06-24', 7459, '40.00', 19, 24, ''),
(76, '2006-06-06', 2359, '40.00', 20, 21, ''),
(77, '2006-07-29', 1960, '40.00', 21, 26, ''),
(78, '2006-06-06', 3861, '40.00', 22, 21, ''),
(79, '2006-06-24', 2866, '40.00', 23, 24, ''),
(80, '2006-07-09', 6401, '40.00', 24, 25, ''),
(81, '2006-06-17', 2439, '40.00', 25, 22, ''),
(82, '2006-05-16', 92842, '40.00', 26, 21, 'Order number 06030921'),
(83, '2006-06-08', 4925, '40.00', 27, 23, ''),
(84, '2006-06-06', 2979, '40.00', 28, 21, ''),
(85, '2006-11-06', 2046, '40.00', 29, 26, ''),
(86, '2006-06-17', 1236, '40.00', 30, 22, ''),
(87, '2006-06-06', 1303, '40.00', 31, 21, ''),
(88, '2006-06-23', 5503, '40.00', 32, 24, ''),
(89, '2006-06-17', 4846, '40.00', 33, 22, ''),
(90, '2006-06-08', 528, '40.00', 34, 23, ''),
(91, '2006-06-06', 4560, '40.00', 35, 21, ''),
(92, '2006-06-06', 1091, '40.00', 36, 21, ''),
(93, '2006-06-17', 5550, '80.00', 37, 22, ''),
(94, '2006-06-06', 30657506, '40.00', 38, 21, ''),
(95, '2006-07-09', 5733, '40.00', 39, 25, ''),
(96, '2006-06-24', 6400, '40.00', 40, 24, ''),
(97, '2006-07-09', 3140, '40.00', 41, 25, ''),
(98, '2006-06-17', 1734, '40.00', 42, 22, ''),
(99, '2006-07-09', 3385, '40.00', 43, 25, ''),
(100, '2006-06-08', 1069, '40.00', 44, 23, ''),
(101, '2006-06-17', 1942, '40.00', 45, 22, ''),
(102, '2006-07-09', 2814, '40.00', 46, 25, ''),
(103, '2006-05-29', 1366, '40.00', 47, 21, ''),
(104, '2006-06-08', 1826, '40.00', 48, 23, ''),
(105, '2006-06-01', 1712, '40.00', 49, 21, ''),
(106, '2006-06-02', 896, '40.00', 50, 21, ''),
(107, '2006-05-25', 153688, '40.00', 51, 21, 'US Title File # 6-09853'),
(108, '2006-06-17', 404, '40.00', 52, 22, ''),
(109, '2006-06-17', 545, '40.00', 53, 22, ''),
(110, '2006-06-17', 3895, '40.00', 55, 22, ''),
(111, '2006-06-17', 2534, '40.00', 56, 22, ''),
(112, '2006-06-17', 995011, '40.00', 58, 22, ''),
(113, '2006-06-17', 5058, '40.00', 59, 22, ''),
(114, '2006-06-17', 778, '40.00', 60, 22, ''),
(115, '2006-06-17', 3125, '40.00', 61, 22, ''),
(116, '2006-06-17', 3969, '80.00', 62, 22, ''),
(117, '2006-06-17', 1196, '40.00', 63, 22, ''),
(118, '2006-06-24', 1999, '40.00', 64, 24, ''),
(119, '2006-05-29', 2491, '40.00', 65, 21, ''),
(120, '2006-06-17', 1872, '40.00', 66, 22, ''),
(121, '2006-05-31', 3320, '40.00', 68, 21, ''),
(122, '2007-05-01', 11065849, '80.00', 10, 10, 'Investors Title Company File # 237503'),
(123, '2007-08-21', 4865, '40.00', 1, 8, ''),
(124, '2007-06-20', 1714, '40.00', 2, 3, ''),
(125, '2007-07-10', 1388, '80.00', 3, 5, ''),
(126, '2007-06-22', 2201, '40.00', 4, 4, ''),
(127, '2007-06-22', 2473, '40.00', 5, 4, ''),
(128, '2007-06-23', 993, '40.00', 6, 4, ''),
(129, '2007-10-10', 1328, '160.00', 7, 9, ''),
(130, '2007-06-28', 1768, '80.00', 8, 4, ''),
(131, '2007-06-18', 536, '40.00', 9, 3, ''),
(132, '2007-07-16', 4490, '40.00', 11, 6, ''),
(133, '2007-06-17', 1211, '40.00', 12, 3, ''),
(134, '2007-06-25', 2559, '80.00', 13, 4, ''),
(135, '2007-06-18', 5209, '40.00', 14, 3, ''),
(136, '2007-06-25', 301, '40.00', 15, 4, ''),
(137, '2007-06-16', 1952, '40.00', 16, 3, ''),
(138, '2007-06-18', 3871, '40.00', 17, 3, ''),
(139, '2007-06-18', 6817, '40.00', 18, 3, ''),
(140, '2007-06-18', 1455, '40.00', 19, 3, ''),
(141, '2007-06-19', 2541, '40.00', 20, 3, ''),
(142, '2007-06-30', 1057, '40.00', 21, 4, ''),
(143, '2007-06-18', 3991, '40.00', 22, 3, ''),
(144, '2007-06-23', 3120, '40.00', 23, 4, ''),
(145, '2007-06-28', 1019, '40.00', 24, 4, ''),
(146, '2007-06-17', 2617, '40.00', 25, 3, ''),
(147, '2007-06-24', 1391, '40.00', 26, 4, ''),
(148, '2007-06-24', 1068, '40.00', 27, 4, ''),
(149, '2007-06-18', 3102, '40.00', 28, 3, ''),
(150, '2008-06-01', 1, '40.00', 29, NULL, ''),
(151, '2007-06-28', 1573, '40.00', 30, 4, ''),
(152, '2007-06-19', 1330, '40.00', 31, 3, ''),
(153, '2007-02-28', 236150, '40.00', 32, 1, 'US Title File # 7-02497'),
(154, '2007-06-29', 5101, '40.00', 33, 4, ''),
(155, '2007-06-20', 745, '40.00', 34, 4, ''),
(156, '2007-06-22', 4625, '40.00', 35, 3, ''),
(157, '2007-06-29', 1044, '40.00', 36, 4, ''),
(158, '2007-07-01', 5760, '40.00', 37, 4, ''),
(159, '2007-09-01', 674, '40.00', 38, 7, ''),
(160, '2007-07-02', 6169, '40.00', 39, 4, ''),
(161, '2007-06-16', 6682, '40.00', 40, 3, ''),
(162, '2007-07-09', 2966, '40.00', 41, 5, ''),
(163, '2007-06-19', 1895, '40.00', 42, 3, ''),
(164, '2007-06-28', 3947, '40.00', 43, 4, ''),
(165, '2007-06-22', 1224, '40.00', 44, 4, ''),
(166, '2007-06-15', 2065, '40.00', 45, 3, ''),
(167, '2007-07-13', 2968, '40.00', 46, 6, ''),
(168, '2007-06-19', 1602, '40.00', 47, 3, ''),
(169, '2007-06-23', 1964, '40.00', 48, 4, ''),
(170, '2007-06-15', 1822, '40.00', 49, 3, ''),
(171, '2007-06-09', 1022, '40.00', 50, 3, ''),
(172, '2007-06-09', 686, '40.00', 51, 3, ''),
(173, '2007-06-14', 470, '40.00', 52, 3, ''),
(174, '2007-06-20', 659, '40.00', 53, 3, ''),
(175, '2007-06-15', 379685, '40.00', 54, 3, ''),
(176, '2007-06-18', 4079, '40.00', 55, 3, ''),
(177, '2007-06-08', 2674, '40.00', 56, 3, ''),
(178, '2007-06-18', 1075, '120.00', 57, 3, ''),
(179, '2007-06-12', 1123, '40.00', 58, 3, ''),
(180, '2007-06-23', 5470, '40.00', 59, 4, ''),
(181, '2007-06-27', 1029, '40.00', 60, 4, ''),
(182, '2007-07-07', 4026, '40.00', 61, 5, ''),
(183, '2007-06-18', 4247, '40.00', 62, 3, ''),
(184, '2007-07-05', 1500, '40.00', 63, 5, ''),
(185, '2007-06-18', 1119, '40.00', 64, 3, ''),
(186, '2007-03-09', 11046954, '40.00', 65, 2, 'US Title File # 7-02827'),
(187, '2007-06-22', 1914, '40.00', 66, 4, ''),
(188, '2007-08-30', 1153, '240.00', 67, 7, ''),
(189, '2007-06-30', 3293, '40.00', 68, 4, ''),
(190, '2008-05-21', 5031, '40.00', 1, 36, ''),
(191, '2008-05-21', 5052, '40.00', 2, 36, ''),
(192, '2008-05-21', 1559, '40.00', 3, 36, ''),
(193, '2008-05-21', 2461, '40.00', 4, 36, ''),
(194, '2008-05-21', 1635, '40.00', 5, 36, ''),
(195, '2008-12-16', 1087, '40.00', 6, 36, ''),
(196, '2010-06-01', 1490, '50.00', 7, NULL, ''),
(198, '2008-05-21', 642, '40.00', 9, 36, ''),
(199, '2008-05-21', 3157, '40.00', 10, 36, ''),
(200, '2008-05-21', 4824, '40.00', 11, 36, ''),
(201, '2008-05-21', 1404, '40.00', 12, 36, ''),
(202, '2008-05-21', 5184, '40.00', 13, 36, ''),
(203, '2008-05-21', 5335, '40.00', 14, 36, ''),
(204, '2008-05-21', 337, '40.00', 15, 36, ''),
(205, '2008-05-21', 2082, '40.00', 16, 36, ''),
(206, '2008-05-21', 3930, '40.00', 17, 36, ''),
(207, '2008-05-21', 6956, '40.00', 18, 36, ''),
(208, '2008-05-21', 1831, '40.00', 19, 36, ''),
(209, '2008-05-21', 2725, '40.00', 20, 36, ''),
(210, '2008-05-21', 1195, '40.00', 21, 36, ''),
(211, '2008-05-21', 4070, '40.00', 22, 36, ''),
(212, '2008-05-21', 3348, '40.00', 23, 36, ''),
(213, '2008-05-21', 51, '40.00', 24, 36, ''),
(214, '2008-05-21', 2823, '40.00', 25, 36, ''),
(215, '2008-05-21', 2089, '40.00', 26, 36, ''),
(216, '2008-05-21', 1281, '40.00', 27, 36, ''),
(217, '2008-05-21', 3329, '40.00', 28, 36, ''),
(218, '2008-05-21', 50025, '40.00', 29, 36, ''),
(219, '2008-05-21', 1857, '40.00', 30, 36, ''),
(220, '2008-06-02', 1377, '40.00', 31, 37, ''),
(221, '2008-06-02', 2979, '40.00', 32, 37, ''),
(222, '2008-06-02', 5216, '40.00', 33, 37, ''),
(223, '2008-06-02', 991, '40.00', 34, 37, ''),
(224, '2008-06-02', 4684, '40.00', 35, 37, ''),
(225, '2008-06-09', 2538, '40.00', 36, 38, ''),
(226, '2008-06-09', 5803, '40.00', 37, 38, ''),
(227, '2008-06-09', 688, '40.00', 38, 38, ''),
(228, '2008-06-09', 6472, '40.00', 39, 38, ''),
(229, '2008-06-09', 6932, '40.00', 40, 38, ''),
(230, '2008-06-09', 5071, '40.00', 41, 38, ''),
(231, '2008-06-09', 2081, '40.00', 42, 38, ''),
(232, '2008-06-09', 4324, '40.00', 43, 38, ''),
(233, '2008-06-23', 1356, '40.00', 44, 39, ''),
(234, '2008-06-23', 2156, '40.00', 45, 39, ''),
(235, '2008-06-23', 3111, '40.00', 46, 39, ''),
(236, '2008-06-23', 1822, '40.00', 47, 39, ''),
(237, '2008-06-23', 2057, '40.00', 48, 39, ''),
(238, '2008-06-23', 1919, '40.00', 49, 39, ''),
(239, '2008-06-23', 1142, '40.00', 50, 39, ''),
(240, '2008-06-23', 715, '40.00', 51, 39, ''),
(241, '2008-06-23', 507, '40.00', 52, 39, ''),
(242, '2008-07-07', 946, '40.00', 53, 40, ''),
(243, '2008-07-07', 1301, '40.00', 54, 40, ''),
(244, '2008-07-07', 4247, '40.00', 55, 40, ''),
(245, '2008-07-07', 4464, '40.00', 56, 40, ''),
(246, '2009-02-03', 3366, '40.00', 57, NULL, '2008 Association fees'),
(247, '2008-04-29', 203690, '40.00', 58, 35, 'Old Republic Title Order # 0802531'),
(248, '2008-08-19', 5776, '40.00', 59, 41, ''),
(249, '2008-08-19', 1059, '40.00', 60, 41, ''),
(250, '2008-08-19', 4108, '40.00', 61, 41, ''),
(251, '2008-08-19', 4454, '40.00', 62, 41, ''),
(252, '2008-08-19', 1760, '40.00', 63, 41, ''),
(253, '2008-09-02', 1322, '40.00', 64, 42, ''),
(254, '2008-09-02', 926, '40.00', 65, 42, ''),
(255, '2008-12-08', 1968, '40.00', 66, 44, ''),
(256, '2008-09-22', 281619, '40.00', 67, 43, 'Town & Country Title 0121998165'),
(257, '2009-05-14', 5209, '50.00', 1, 46, ''),
(258, '2009-07-06', 5147, '50.00', 2, 48, ''),
(259, '2009-07-06', 1796, '50.00', 3, 48, ''),
(260, '2009-07-06', 2789, '50.00', 4, 48, ''),
(261, '2009-07-06', 1345, '50.00', 5, 48, ''),
(264, '2009-05-28', 412839, '90.00', 8, 47, 'US Title File # 07572'),
(265, '2009-07-06', 776, '50.00', 9, 48, ''),
(266, '2009-07-06', 3265, '50.00', 10, 48, ''),
(267, '2009-07-06', 5267, '50.00', 11, 48, ''),
(268, '2009-07-06', 1301, '50.00', 12, 48, ''),
(269, '2009-07-06', 5581, '50.00', 13, 48, ''),
(270, '2009-07-06', 5521, '50.00', 14, 48, ''),
(271, '2009-07-06', 5121, '50.00', 15, 48, ''),
(272, '2009-07-13', 2205, '50.00', 16, 49, ''),
(273, '2009-07-13', 3961, '50.00', 17, 49, ''),
(274, '2009-07-13', 7118, '50.00', 18, 49, ''),
(275, '2009-07-13', 2045, '50.00', 19, 49, ''),
(276, '2009-07-13', 2980, '50.00', 20, 49, ''),
(277, '2009-10-05', 118042, '50.00', 21, NULL, 'Keeven Title Services File # 55778'),
(278, '2009-07-13', 4183, '50.00', 22, 49, ''),
(279, '2009-07-13', 3626, '50.00', 23, 49, ''),
(280, '2009-07-13', 5133, '50.00', 24, 49, ''),
(281, '2009-07-13', 5025, '50.00', 25, 49, ''),
(282, '2009-07-13', 2837, '50.00', 26, 49, ''),
(283, '2009-07-13', 1496, '50.00', 27, 49, ''),
(284, '2009-07-13', 3497, '50.00', 28, 49, ''),
(285, '2009-07-13', 50139, '50.00', 29, 49, ''),
(286, '2009-07-13', 2207, '50.00', 30, 49, ''),
(287, '2009-07-13', 1439, '50.00', 31, 49, ''),
(288, '2009-07-13', 3156, '50.00', 32, 49, ''),
(289, '2009-07-13', 5634, '50.00', 33, 49, ''),
(290, '2009-07-14', 1298, '50.00', 34, 50, ''),
(291, '2009-07-14', 4774, '50.00', 35, 50, ''),
(292, '2009-07-14', 2559, '50.00', 36, 50, ''),
(293, '2009-07-14', 6003, '50.00', 37, 50, ''),
(294, '2009-08-10', 705, '50.00', 38, 52, ''),
(295, '2009-08-10', 6831, '50.00', 39, 52, ''),
(296, '2009-08-10', 7240, '50.00', 40, 52, ''),
(297, '2009-08-10', 3241, '50.00', 41, 52, ''),
(298, '2009-08-10', 2258, '50.00', 42, 52, ''),
(299, '2009-08-10', 4591, '50.00', 43, 52, ''),
(300, '2009-08-10', 1556, '50.00', 44, 52, ''),
(301, '2009-08-10', 2272, '50.00', 45, 52, ''),
(302, '2009-05-21', 11299139, '50.00', 46, NULL, 'Investors Title Company File # 285798'),
(303, '2009-08-10', 2072, '50.00', 47, 52, ''),
(304, '2009-08-10', 2167, '50.00', 48, 52, ''),
(305, '2009-08-10', 2040, '50.00', 49, 52, ''),
(306, '2009-08-10', 524, '50.00', 50, 52, ''),
(307, '2009-03-26', 72557, '50.00', 51, 47, 'Integrity Land Title Company 25882259'),
(308, '2009-08-10', 543, '50.00', 52, 52, ''),
(309, '2009-08-10', 1338, '50.00', 53, 52, ''),
(310, '2009-08-10', 1614, '50.00', 54, 52, ''),
(311, '2009-08-10', 4325, '50.00', 55, 52, ''),
(312, '2009-08-10', 5177, '50.00', 56, 52, ''),
(313, '2009-08-10', 1134, '50.00', 58, 52, ''),
(314, '2009-08-10', 6113, '50.00', 59, 52, ''),
(315, '2009-09-25', 1083, '50.00', 60, 53, ''),
(316, '2009-09-25', 4203, '50.00', 61, 53, ''),
(317, '2009-10-21', 4666, '50.00', 62, 54, ''),
(318, '2009-10-21', 2073, '50.00', 63, 54, ''),
(319, '2009-06-01', 1534, '50.00', 64, NULL, ''),
(320, '2009-06-01', 1143, '50.00', 65, NULL, ''),
(321, '2009-06-01', 2027, '50.00', 66, NULL, ''),
(322, '2009-06-01', 780, '50.00', 67, NULL, ''),
(323, '2008-06-01', 4000, '40.00', 68, NULL, 'Check number estimated'),
(324, '2010-06-01', 5308, '50.00', 1, NULL, ''),
(325, '2010-06-01', 5207, '50.00', 2, NULL, ''),
(326, '2010-06-01', 2016, '50.00', 3, NULL, ''),
(327, '2010-06-01', 3013, '50.00', 4, NULL, ''),
(328, '2010-06-01', 1704, '50.00', 5, NULL, ''),
(329, '2009-07-06', 1633, '50.00', 6, 48, ''),
(330, '2009-05-26', 1472, '80.00', 7, 47, ''),
(331, '2010-06-01', 455, '50.00', 8, NULL, ''),
(332, '2010-06-01', 862, '50.00', 9, NULL, ''),
(333, '2010-06-01', 3319, '50.00', 10, NULL, ''),
(334, '2010-06-01', 5582, '50.00', 11, NULL, ''),
(335, '2010-06-01', 1452, '50.00', 12, NULL, ''),
(336, '2010-06-01', 5915, '50.00', 13, NULL, ''),
(337, '2010-06-01', 5650, '50.00', 14, NULL, ''),
(338, '2010-06-01', 5179, '50.00', 15, NULL, ''),
(339, '2010-06-01', 2289, '50.00', 16, NULL, ''),
(340, '2010-06-01', 4066, '50.00', 17, NULL, ''),
(341, '2010-06-01', 7229, '50.00', 18, NULL, ''),
(342, '2010-06-01', 2184, '50.00', 19, NULL, ''),
(343, '2010-06-01', 3198, '50.00', 20, NULL, ''),
(344, '2010-06-01', 1277, '50.00', 21, NULL, ''),
(345, '2010-06-01', 299, '50.00', 22, NULL, ''),
(346, '2010-06-01', 3819, '50.00', 23, NULL, ''),
(347, '2010-06-01', 5337, '50.00', 24, NULL, ''),
(348, '2010-06-11', 5149, '50.00', 25, NULL, ''),
(349, '2010-06-01', 3347, '50.00', 26, NULL, ''),
(350, '2010-06-01', 1597, '50.00', 27, NULL, ''),
(351, '2010-06-01', 3630, '50.00', 28, NULL, ''),
(352, '2010-06-01', 5061, '50.00', 29, NULL, ''),
(353, '2010-06-01', 2479, '50.00', 30, NULL, ''),
(354, '2010-06-01', 1482, '50.00', 31, NULL, ''),
(355, '2010-06-01', 1236, '50.00', 32, NULL, ''),
(356, '2010-06-01', 5523, '50.00', 33, NULL, ''),
(357, '2010-06-01', 2545, '50.00', 34, NULL, ''),
(358, '2010-06-01', 4866, '50.00', 35, NULL, ''),
(359, '2010-06-01', 2599, '50.00', 36, NULL, ''),
(360, '2010-06-01', 1059, '50.00', 37, NULL, ''),
(361, '2010-06-01', 721, '50.00', 38, NULL, ''),
(362, '2010-06-01', 7092, '50.00', 39, NULL, ''),
(363, '2010-06-01', 7389, '50.00', 40, NULL, ''),
(364, '2010-06-01', 5187, '50.00', 41, NULL, ''),
(366, '2010-06-01', 4711, '50.00', 43, NULL, ''),
(367, '2010-06-01', 1711, '50.00', 44, NULL, ''),
(368, '2010-06-01', 2342, '50.00', 45, NULL, ''),
(369, '2010-06-01', 2510, '50.00', 46, NULL, ''),
(370, '2010-06-01', 2120, '50.00', 47, NULL, ''),
(371, '2010-06-01', 2208, '50.00', 48, NULL, ''),
(372, '2010-06-01', 2116, '50.00', 49, NULL, ''),
(373, '2010-06-01', 607, '50.00', 50, NULL, ''),
(374, '2010-06-01', 530, '50.00', 51, NULL, ''),
(375, '2010-06-01', 583, '50.00', 52, NULL, ''),
(376, '2010-06-01', 1524, '50.00', 53, NULL, ''),
(377, '2010-06-01', 1182, '50.00', 54, NULL, ''),
(378, '2010-06-01', 4379, '50.00', 55, NULL, ''),
(379, '2010-06-01', 6007, '50.00', 56, NULL, ''),
(380, '2010-06-01', 1331, '50.00', 58, NULL, ''),
(381, '2010-06-01', 6410, '50.00', 59, NULL, ''),
(382, '2010-06-01', 1113, '50.00', 60, NULL, ''),
(383, '2010-06-01', 4278, '50.00', 61, NULL, ''),
(384, '2010-06-01', 4822, '50.00', 62, NULL, ''),
(385, '2010-06-01', 2312, '50.00', 63, NULL, ''),
(386, '2010-06-01', 1712, '50.00', 64, NULL, ''),
(387, '2010-06-01', 1235, '50.00', 65, NULL, ''),
(388, '2010-06-01', 6375359, '50.00', 66, NULL, ''),
(389, '2010-06-01', 33071331, '50.00', 67, NULL, ''),
(390, '2010-06-01', 8609, '100.00', 68, NULL, ''),
(392, '2011-04-05', 513372, '50.00', 2, 56, 'US Title File # 11-01264'),
(393, '2011-05-27', 2175, '50.00', 3, 57, ''),
(394, '2011-05-27', 3274, '50.00', 4, 57, ''),
(395, '2011-05-27', 2344, '50.00', 5, 57, ''),
(396, '2011-05-27', 1500, '50.00', 7, 57, ''),
(397, '2011-05-27', 502, '50.00', 8, 57, ''),
(398, '2011-05-27', 978, '50.00', 9, 57, ''),
(399, '2011-05-27', 3403, '50.00', 10, 57, ''),
(400, '2011-05-27', 5957, '50.00', 11, 57, ''),
(401, '2011-05-27', 1640, '50.00', 12, 57, ''),
(402, '2011-05-27', 6578, '50.00', 13, 57, ''),
(403, '2011-05-27', 5817, '50.00', 14, 57, ''),
(404, '2011-10-04', 5257, '50.00', 15, 57, ''),
(405, '2011-05-27', 2394, '50.00', 16, 57, ''),
(406, '2011-05-27', 4089, '50.00', 17, 57, ''),
(407, '2011-05-27', 7351, '50.00', 18, 57, ''),
(408, '2011-05-27', 2337, '50.00', 19, 57, ''),
(409, '2011-05-27', 3471, '50.00', 20, 57, ''),
(410, '2011-05-27', 1284, '50.00', 21, 57, ''),
(411, '2011-05-27', 620, '50.00', 22, 57, ''),
(412, '2011-05-27', 4002, '50.00', 23, 57, ''),
(413, '2011-05-27', 5575, '50.00', 24, 57, ''),
(414, '2011-05-27', 3955, '50.00', 26, 57, ''),
(415, '2011-05-27', 1642, '50.00', 27, 57, ''),
(417, '2011-05-27', 5051, '50.00', 29, 57, ''),
(418, '2011-05-27', 2787, '50.00', 30, 57, ''),
(419, '2011-05-27', 1406, '50.00', 31, 57, ''),
(420, '2011-05-27', 1456, '50.00', 32, 57, ''),
(421, '2011-05-27', 5723, '50.00', 33, 57, ''),
(422, '2011-02-22', 1106747, '50.00', 34, 55, 'Security Title Insurance Agency File # 112443r'),
(423, '2011-05-27', 4953, '50.00', 35, 57, ''),
(424, '2011-05-27', 2569, '50.00', 36, 57, ''),
(425, '2011-05-27', 1152, '50.00', 37, 57, ''),
(426, '2011-05-27', 744, '50.00', 38, 57, ''),
(427, '2011-05-27', 7320, '50.00', 39, 57, ''),
(428, '2011-05-27', 7703, '50.00', 40, 57, ''),
(429, '2011-05-27', 3269, '50.00', 41, 57, ''),
(430, '2011-05-27', 2545, '50.00', 42, 57, ''),
(431, '2011-05-27', 4822, '50.00', 43, 57, ''),
(432, '2011-05-27', 1897, '50.00', 44, 57, ''),
(433, '2011-06-20', 2437, '50.00', 45, 58, ''),
(434, '2011-06-20', 2739, '50.00', 46, 58, ''),
(435, '2011-06-20', 2306, '50.00', 47, 58, ''),
(436, '2011-06-20', 2268, '50.00', 48, 58, ''),
(437, '2011-06-20', 2220, '50.00', 49, 58, ''),
(438, '2011-06-20', 688, '50.00', 50, 58, ''),
(439, '2011-06-20', 556, '50.00', 51, 58, ''),
(440, '2011-06-20', 612, '50.00', 52, 58, ''),
(441, '2011-06-20', 1743, '50.00', 53, 58, ''),
(442, '2011-06-20', 1438, '50.00', 54, 58, ''),
(443, '2011-06-20', 4443, '50.00', 55, 58, ''),
(444, '2011-06-20', 6103, '50.00', 56, 58, ''),
(445, '2011-06-20', 1517, '50.00', 58, 58, ''),
(446, '2011-06-20', 6853, '50.00', 59, 58, ''),
(447, '2011-08-01', 1122, '50.00', 60, 59, ''),
(448, '2011-08-01', 4366, '50.00', 61, 59, ''),
(449, '2011-08-01', 5035, '50.00', 62, 59, ''),
(450, '2011-08-01', 2535, '50.00', 63, 59, ''),
(451, '2011-08-01', 1916, '50.00', 64, 59, ''),
(452, '2011-08-01', 1305, '50.00', 65, 59, ''),
(453, '2011-08-01', 83905211, '50.00', 66, 59, ''),
(454, '2011-11-08', 57991466, '50.00', 67, 60, ''),
(455, '2011-11-25', 131791, '50.00', 68, 61, 'Assured Title Company Order # 826183 '),
(456, '2012-02-28', 342525, '50.00', 1, 64, 'Shapiro & Weisman Ref # MO012127282 (HUD)'),
(457, '2012-08-27', 1531, '50.00', 2, 65, ''),
(458, '2012-08-27', 3557, '50.00', 4, 65, ''),
(459, '2012-08-27', 1111, '50.00', 5, 65, ''),
(460, '2012-08-27', 1192, '50.00', 7, 65, ''),
(461, '2012-08-27', 548, '50.00', 8, 65, ''),
(462, '2012-08-27', 1110, '50.00', 9, 65, ''),
(463, '2012-08-27', 3489, '50.00', 10, 65, ''),
(464, '2012-08-27', 6309, '50.00', 11, 65, ''),
(465, '2012-07-05', 1193, '50.00', 12, 64, ''),
(466, '2012-07-05', 6997, '50.00', 13, 64, ''),
(467, '2012-08-27', 5872, '50.00', 14, 65, ''),
(468, '2012-08-27', 209, '50.00', 15, 65, ''),
(469, '2012-08-27', 2512, '50.00', 16, 65, ''),
(470, '2012-08-27', 4190, '50.00', 17, 65, ''),
(471, '2012-08-27', 7455, '50.00', 18, 65, ''),
(472, '2012-08-27', 1661, '50.00', 19, 65, ''),
(473, '2012-08-27', 3721, '50.00', 20, 65, ''),
(474, '2012-08-27', 1269, '50.00', 21, 65, ''),
(475, '2012-07-05', 738, '50.00', 22, 64, ''),
(476, '2012-07-05', 4084, '50.00', 23, 64, ''),
(477, '2012-07-05', 5811, '50.00', 24, 64, ''),
(478, '2012-07-05', 5057, '50.00', 26, 64, ''),
(479, '2012-07-05', 1782, '50.00', 27, 64, ''),
(480, '2012-06-01', 1026, '100.00', 28, 62, ''),
(481, '2012-07-05', 5174, '50.00', 29, 64, ''),
(482, '2012-07-05', 3102, '50.00', 30, 64, ''),
(483, '2012-07-05', 1613, '50.00', 31, 64, ''),
(484, '2012-07-05', 1707, '50.00', 32, 64, ''),
(485, '2012-07-05', 5558, '50.00', 33, 64, ''),
(486, '2012-07-05', 1124, '50.00', 34, 64, ''),
(487, '2012-07-05', 5063, '50.00', 35, 64, ''),
(488, '2012-07-05', 2623, '50.00', 36, 64, ''),
(489, '2012-07-05', 1233, '50.00', 37, 64, ''),
(490, '2012-07-05', 759, '50.00', 38, 64, ''),
(491, '2012-07-05', 8101, '50.00', 40, 64, ''),
(492, '2012-07-05', 3096, '50.00', 41, 64, ''),
(493, '2012-07-05', 4925, '50.00', 43, 64, ''),
(494, '2012-07-05', 2081, '50.00', 44, 64, ''),
(495, '2012-07-05', 2537, '50.00', 45, 64, ''),
(496, '2012-07-05', 1079, '50.00', 46, 64, ''),
(497, '2012-07-05', 2354, '50.00', 48, 64, ''),
(498, '2012-07-05', 2320, '50.00', 49, 64, ''),
(499, '2012-07-05', 752, '50.00', 50, 64, ''),
(500, '2012-07-05', 586, '50.00', 51, 64, ''),
(501, '2012-07-05', 653, '50.00', 52, 64, ''),
(502, '2012-07-05', 1952, '50.00', 53, 64, ''),
(503, '2012-07-05', 1383, '50.00', 54, 64, ''),
(504, '2012-07-05', 4339, '50.00', 55, 64, ''),
(505, '2012-07-05', 7018, '50.00', 56, 64, ''),
(506, '2012-10-31', 580938, '50.00', 58, 66, 'US Title File # 12-12049'),
(507, '2012-07-05', 7279, '50.00', 59, 64, ''),
(508, '2012-07-05', 1139, '50.00', 60, 64, ''),
(509, '2012-07-05', 4460, '50.00', 61, 64, ''),
(510, '2012-07-05', 5232, '50.00', 62, 64, ''),
(511, '2012-07-05', 2606, '50.00', 63, 64, ''),
(512, '2012-07-05', 135, '50.00', 64, 64, ''),
(513, '2012-07-05', 68738, '50.00', 65, 64, 'Continental Title Company File # 02146519'),
(514, '2012-07-05', 7138, '50.00', 66, 64, ''),
(515, '2012-07-05', 995094, '50.00', 67, 64, ''),
(516, '2012-02-17', 11590908, '50.00', 68, 63, 'Investors Title Company File # 351224'),
(517, '2013-08-22', 4484, '100.00', 1, 11, ''),
(518, '2013-10-22', 2675, '100.00', 3, 15, ''),
(519, '2013-09-16', 3862, '50.00', 4, 13, ''),
(520, '2013-09-16', 1000, '50.00', 5, 13, ''),
(521, '2013-10-22', 1278, '50.00', 7, 15, ''),
(522, '2013-09-16', 575, '50.00', 8, 13, ''),
(523, '2013-08-12', 1238, '50.00', 9, 11, ''),
(524, '2013-09-16', 3646, '50.00', 10, 13, ''),
(525, '2013-09-16', 6700, '50.00', 11, 13, ''),
(526, '2013-08-22', 1404, '50.00', 12, 11, ''),
(527, '2013-09-16', 7257, '50.00', 13, 13, ''),
(528, '2013-08-22', 5921, '50.00', 14, 11, ''),
(529, '2013-08-22', 2614, '50.00', 16, 11, ''),
(530, '2013-08-22', 4223, '50.00', 17, 11, ''),
(531, '2013-08-22', 7561, '50.00', 18, 11, ''),
(532, '2013-09-16', 1787, '50.00', 19, 13, ''),
(533, '2013-08-22', 3990, '50.00', 20, 11, ''),
(534, '2013-08-26', 106, '50.00', 21, 12, ''),
(535, '2013-08-26', 775, '50.00', 22, 12, ''),
(536, '2013-09-16', 4167, '50.00', 23, 13, ''),
(537, '2013-09-16', 6113, '50.00', 24, 13, ''),
(538, '2013-09-16', 5729, '50.00', 26, 13, ''),
(539, '2013-08-26', 1921, '50.00', 27, 12, ''),
(540, '2013-08-26', 1204, '50.00', 28, 12, ''),
(541, '2013-08-26', 3428, '50.00', 30, 12, ''),
(542, '2013-08-22', 1447, '50.00', 31, 11, ''),
(543, '2013-08-22', 1957, '50.00', 32, 11, ''),
(544, '2013-10-07', 5488, '50.00', 33, 14, ''),
(545, '2013-08-26', 1091, '50.00', 34, 12, ''),
(546, '2013-08-22', 5187, '50.00', 35, 11, ''),
(547, '2013-08-26', 2574, '50.00', 36, 12, ''),
(548, '2013-09-16', 1558, '50.00', 37, 13, ''),
(549, '2013-08-26', 772, '50.00', 38, 12, ''),
(550, '2013-08-22', 8696, '50.00', 40, 11, ''),
(551, '2013-10-25', 2847, '50.00', 42, 16, ''),
(552, '2013-09-16', 5030, '50.00', 43, 13, ''),
(553, '2013-08-26', 2290, '50.00', 44, 12, ''),
(554, '2013-09-16', 2600, '50.00', 45, 13, 'Check number is estimated'),
(555, '2013-06-04', 11735148, '50.00', 46, 19, 'Investors Title Company File # 377295so'),
(556, '2013-08-22', 2890, '100.00', 47, 11, ''),
(557, '2013-09-16', 2415, '50.00', 48, 13, ''),
(558, '2013-08-22', 2412, '50.00', 49, 11, ''),
(559, '2013-08-22', 830, '50.00', 50, 11, ''),
(560, '2013-10-07', 620, '50.00', 51, 14, ''),
(561, '2013-12-26', 634448, '50.00', 52, 18, 'US Title File # 13-14216'),
(562, '2013-08-22', 2181, '50.00', 53, 11, ''),
(563, '2013-10-07', 1364, '50.00', 54, 14, ''),
(564, '2013-08-22', 4522, '50.00', 55, 11, ''),
(565, '2013-09-16', 7028, '50.00', 56, 13, ''),
(566, '2013-08-22', 7757, '50.00', 59, 11, ''),
(567, '2013-09-16', 1158, '50.00', 60, 13, ''),
(568, '2013-08-22', 4559, '50.00', 61, 11, ''),
(569, '2013-08-22', 5471, '50.00', 62, 11, ''),
(570, '2013-11-13', 2685, '50.00', 63, 17, ''),
(571, '2013-09-16', 297, '50.00', 64, 13, ''),
(572, '2013-08-26', 399, '50.00', 65, 12, ''),
(573, '2013-09-16', 7341, '50.00', 66, 13, ''),
(574, '2013-08-22', 913, '50.00', 67, 11, ''),
(575, '2013-08-26', 6002, '50.00', 68, 12, ''),
(576, '2007-03-10', 578, '40.00', 54, 1, ''),
(577, '2014-02-14', 7837, '100.00', 39, 20, ''),
(578, '2009-07-27', 1, '19.40', 7, 51, 'Cash deposit'),
(579, '2006-07-29', 2046, '80.00', 29, NULL, 'Split from fee # 85 to make purchase day balance work out'),
(580, '2014-04-21', 4083, '50.00', 39, 67, 'US Title File # 14-02363'),
(581, '2014-07-17', 209827, '50.00', 5, 68, 'Insight Title # 504111798'),
(582, '2014-09-25', 2646, '50.00', 36, 69, ''),
(583, '2014-09-18', 792, '50.00', 38, 69, ''),
(584, '2014-09-25', 5305, '50.00', 35, 69, ''),
(585, '2014-09-18', 925, '50.00', 50, 69, ''),
(586, '2014-09-18', 4642, '50.00', 45, 69, ''),
(587, '2014-09-19', 858, '50.00', 22, 69, ''),
(588, '2014-09-18', 1362, '50.00', 9, 69, ''),
(589, '2014-09-18', 5955, '50.00', 14, 69, ''),
(590, '2014-09-19', 2486, '50.00', 44, 69, ''),
(591, '2014-09-18', 4282, '50.00', 17, 69, ''),
(592, '2014-09-19', 2137, '50.00', 39, 69, 'Apply to 2015'),
(593, '2014-09-25', 995203, '50.00', 67, 70, ''),
(594, '2014-09-25', 7514, '50.00', 13, 70, ''),
(595, '2014-08-28', 239379, '50.00', 26, 70, 'Investors Title File # 514108'),
(596, '2014-09-19', 3780, '50.00', 10, 70, ''),
(597, '2014-09-24', 1032, '50.00', 46, 70, ''),
(598, '2014-09-23', 4682, '50.00', 55, 70, ''),
(599, '2014-09-26', 2462, '50.00', 48, 70, ''),
(600, '2014-09-23', 4251, '50.00', 23, 70, ''),
(601, '2014-09-21', 1619, '50.00', 12, 70, ''),
(602, '2014-09-20', 2515, '50.00', 49, 70, ''),
(603, '2014-09-22', 1516, '50.00', 31, 70, ''),
(604, '2014-09-20', 646, '50.00', 51, 70, ''),
(605, '2014-09-20', 2725, '50.00', 63, 70, ''),
(606, '2014-09-21', 3287, '50.00', 47, 70, ''),
(607, '2014-09-22', 8161, '50.00', 59, 70, ''),
(608, '2014-09-21', 2716, '50.00', 16, 70, ''),
(609, '2014-09-23', 6112, '50.00', 68, 70, ''),
(610, '2014-09-22', 5621, '50.00', 33, 70, ''),
(611, '2014-09-24', 4213, '50.00', 4, 70, ''),
(612, '2014-09-25', 111, '50.00', 21, 70, ''),
(613, '2014-09-26', 614, '50.00', 8, 70, ''),
(614, '2014-09-26', 367, '50.00', 52, 70, ''),
(615, '2014-09-21', 1911, '50.00', 19, 70, ''),
(616, '2014-09-26', 1747, '50.00', 37, 71, ''),
(617, '2014-10-02', 5534, '100.00', 41, 71, ''),
(618, '2014-10-06', 6476, '50.00', 24, 71, ''),
(619, '2014-09-29', 7193, '50.00', 56, 71, ''),
(620, '2014-09-30', 1318, '50.00', 54, 71, ''),
(621, '2014-09-29', 4276, '50.00', 20, 71, ''),
(622, '2014-09-28', 421, '50.00', 64, 71, ''),
(623, '2014-10-01', 1329, '50.00', 7, 71, ''),
(624, '2014-10-01', 6966, '50.00', 11, 71, ''),
(625, '2014-09-29', 5108, '50.00', 43, 71, ''),
(626, '2014-09-30', 1015, '50.00', 60, 71, ''),
(627, '2014-09-29', 7687, '50.00', 18, 71, ''),
(628, '2014-09-30', 3720, '50.00', 30, 71, ''),
(629, '2014-09-29', 1358, '50.00', 28, 71, ''),
(630, '2014-09-28', 1899, '50.00', 26, 71, ''),
(631, '2014-09-24', 2044, '50.00', 27, 71, ''),
(632, '2014-09-27', 4641, '50.00', 61, 71, ''),
(633, '2014-10-03', 3975, '250.00', 6, 71, ''),
(634, '2014-09-30', 2888, '50.00', 3, 71, ''),
(635, '2014-10-02', 1026, '100.00', 58, 71, ''),
(636, '2014-10-02', 2378, '50.00', 1, 72, ''),
(637, '2014-10-03', 2353, '50.00', 53, 72, ''),
(638, '2014-10-06', 2197, '50.00', 32, 72, ''),
(639, '2010-06-01', 1, '50.00', 42, 0, 'Per email from Katriana Emerson'),
(640, '2013-10-17', 2848, '50.00', 42, 0, 'Usurping of memo 20110821 to Ron Erb'),
(641, '2004-12-16', 1380, '40.00', 10, 0, 'Misplaced payment from Treasurer change in 2005'),
(642, '2004-10-25', 5123, '40.00', 68, 0, 'Misplaced payment from Treasurer change in 2005'),
(643, '2014-11-01', 1483, '50.00', 34, 73, ''),
(644, '2014-11-01', 5686, '50.00', 62, 73, ''),
(645, '2014-10-20', 5192, '200.00', 25, 74, 'For years 2011,  2012,  2013,  2014'),
(646, '2014-10-31', 7565, '50.00', 66, 74, ''),
(647, '2014-11-10', 2974, '50.00', 42, 75, ''),
(648, '2014-12-02', 232, '50.00', 40, 76, ''),
(649, '2014-12-01', 268, '100.00', 15, 77, ''),
(650, '2015-01-15', 1694, '100.00', 2, 78, ''),
(651, '2015-06-18', 213, '100.00', 29, 79, 'For 2013 & 2014'),
(652, '2009-07-27', 999999, '0.60', 7, 0, 'Bank charge for cash deposit - waived by treasurer'),
(653, '2015-09-14', 7713, '40.00', 13, 80, ''),
(654, '2015-09-21', 6852, '40.00', 24, 80, ''),
(655, '2015-09-09', 1006, '40.00', 38, 80, ''),
(656, '2015-08-19', 10638, '40.00', 60, 80, 'Regency Title Group File # RTS-15-172149'),
(657, '2015-09-18', 7753, '40.00', 66, 80, ''),
(658, '2015-09-17', 995367, '40.00', 67, 80, ''),
(659, '2015-09-14', 4856, '40.00', 1, 80, ''),
(660, '2015-09-14', 3152, '40.00', 3, 80, ''),
(661, '2015-09-16', 645, '40.00', 8, 80, ''),
(662, '2015-09-09', 1462, '40.00', 9, 80, ''),
(663, '2015-09-11', 1813, '40.00', 12, 80, ''),
(664, '2015-09-10', 1025, '40.00', 14, 80, ''),
(665, '2015-09-15', 235, '40.00', 15, 80, ''),
(666, '2015-09-13', 2795, '40.00', 16, 80, ''),
(667, '2015-09-08', 4358, '40.00', 17, 80, ''),
(668, '2015-09-19', 4525, '40.00', 20, 80, ''),
(669, '2015-09-12', 117, '40.00', 21, 80, ''),
(670, '2015-09-21', 888, '40.00', 22, 80, ''),
(671, '2015-09-13', 2095, '40.00', 27, 80, ''),
(672, '2015-09-15', 3983, '40.00', 30, 80, ''),
(673, '2015-09-09', 1553, '40.00', 31, 80, ''),
(674, '2015-09-10', 2375, '40.00', 32, 80, ''),
(675, '2015-09-17', 5645, '40.00', 33, 80, ''),
(676, '2015-09-21', 5393, '40.00', 35, 80, ''),
(677, '2015-09-21', 2858, '40.00', 36, 80, ''),
(678, '2015-09-11', 3153, '40.00', 42, 80, ''),
(679, '2015-09-11', 2666, '40.00', 44, 80, ''),
(680, '2015-09-17', 4715, '40.00', 45, 80, ''),
(681, '2015-09-15', 2533, '40.00', 48, 80, ''),
(682, '2015-09-10', 2563, '40.00', 49, 80, ''),
(683, '2015-09-09', 8492, '40.00', 59, 80, ''),
(684, '2015-09-08', 5854, '40.00', 62, 80, ''),
(685, '2015-09-14', 540, '40.00', 64, 80, ''),
(686, '2015-09-11', 6245, '40.00', 68, 80, ''),
(687, '2015-09-24', 4504, '40.00', 4, 81, ''),
(688, '2015-09-28', 7166, '40.00', 11, 81, ''),
(689, '2015-09-21', 2031, '40.00', 19, 81, ''),
(690, '2015-09-22', 4315, '40.00', 23, 81, ''),
(691, '2015-09-28', 1582, '40.00', 28, 81, ''),
(692, '2015-10-03', 1552, '40.00', 34, 81, ''),
(693, '2015-09-26', 1872, '40.00', 37, 81, ''),
(694, '2015-10-01', 5611, '40.00', 41, 81, ''),
(695, '2015-09-24', 2520, '40.00', 53, 81, ''),
(696, '2015-09-27', 2764, '40.00', 63, 81, ''),
(697, '2015-10-07', 7787, '40.00', 18, 82, ''),
(698, '2015-09-28', 264, '40.00', 40, 82, ''),
(699, '2015-09-28', 5163, '40.00', 43, 82, ''),
(700, '2015-09-28', 1202, '40.00', 56, 82, ''),
(701, '2015-10-03', 4728, '40.00', 61, 82, ''),
(702, '2015-10-10', 1415, '40.00', 7, 83, ''),
(703, '2015-10-01', 1037, '40.00', 46, 83, ''),
(704, '2015-10-21', 5634, '40.00', 50, 83, ''),
(705, '2015-10-15', 1488, '40.00', 54, 83, ''),
(706, '2015-10-19', 4827, '40.00', 55, 83, ''),
(707, '2002-04-27', 3965, '40.00', 35, NULL, ''),
(708, '2003-05-16', 4151, '40.00', 35, NULL, ''),
(709, '2004-05-04', 4378, '40.00', 35, NULL, ''),
(710, '2000-01-01', 0, '200.00', 1, NULL, 'Administrative entry to establish Y2K as payment base'),
(711, '2000-01-01', 0, '200.00', 2, NULL, 'Administrative entry to establish Y2K as payment base'),
(712, '2000-01-01', 0, '200.00', 3, NULL, 'Administrative entry to establish Y2K as payment base'),
(713, '2000-01-01', 0, '200.00', 4, NULL, 'Administrative entry to establish Y2K as payment base'),
(714, '2000-01-01', 0, '200.00', 5, NULL, 'Administrative entry to establish Y2K as payment base'),
(715, '2000-01-01', 0, '200.00', 6, NULL, 'Administrative entry to establish Y2K as payment base'),
(716, '2000-01-01', 0, '150.00', 7, NULL, 'Administrative entry to establish Y2K as payment base'),
(717, '2000-01-01', 0, '200.00', 8, NULL, 'Administrative entry to establish Y2K as payment base'),
(718, '2000-01-01', 0, '200.00', 9, NULL, 'Administrative entry to establish Y2K as payment base'),
(719, '2000-01-01', 0, '200.00', 10, NULL, 'Administrative entry to establish Y2K as payment base'),
(720, '2000-01-01', 0, '200.00', 11, NULL, 'Administrative entry to establish Y2K as payment base'),
(721, '2000-01-01', 0, '200.00', 12, NULL, 'Administrative entry to establish Y2K as payment base'),
(722, '2000-01-01', 0, '200.00', 13, NULL, 'Administrative entry to establish Y2K as payment base'),
(723, '2000-01-01', 0, '200.00', 14, NULL, 'Administrative entry to establish Y2K as payment base'),
(724, '2000-01-01', 0, '280.00', 15, NULL, 'Administrative entry to establish Y2K as payment base'),
(725, '2000-01-01', 0, '200.00', 16, NULL, 'Administrative entry to establish Y2K as payment base'),
(726, '2000-01-01', 0, '200.00', 17, NULL, 'Administrative entry to establish Y2K as payment base'),
(727, '2000-01-01', 0, '200.00', 18, NULL, 'Administrative entry to establish Y2K as payment base'),
(728, '2000-01-01', 0, '200.00', 19, NULL, 'Administrative entry to establish Y2K as payment base'),
(729, '2000-01-01', 0, '200.00', 20, NULL, 'Administrative entry to establish Y2K as payment base'),
(730, '2000-01-01', 0, '200.00', 21, NULL, 'Administrative entry to establish Y2K as payment base'),
(731, '2000-01-01', 0, '200.00', 22, NULL, 'Administrative entry to establish Y2K as payment base'),
(732, '2000-01-01', 0, '200.00', 23, NULL, 'Administrative entry to establish Y2K as payment base'),
(733, '2000-01-01', 0, '200.00', 24, NULL, 'Administrative entry to establish Y2K as payment base'),
(734, '2000-01-01', 0, '200.00', 25, NULL, 'Administrative entry to establish Y2K as payment base'),
(735, '2000-01-01', 0, '200.00', 26, NULL, 'Administrative entry to establish Y2K as payment base'),
(736, '2000-01-01', 0, '200.00', 27, NULL, 'Administrative entry to establish Y2K as payment base'),
(737, '2000-01-01', 0, '200.00', 28, NULL, 'Administrative entry to establish Y2K as payment base'),
(738, '2000-01-01', 0, '160.00', 29, NULL, 'Administrative entry to establish Y2K as payment base'),
(739, '2000-01-01', 0, '200.00', 30, NULL, 'Administrative entry to establish Y2K as payment base'),
(740, '2000-01-01', 0, '200.00', 31, NULL, 'Administrative entry to establish Y2K as payment base'),
(741, '2000-01-01', 0, '200.00', 32, NULL, 'Administrative entry to establish Y2K as payment base'),
(742, '2000-01-01', 0, '200.00', 33, NULL, 'Administrative entry to establish Y2K as payment base'),
(743, '2000-01-01', 0, '120.00', 34, NULL, 'Administrative entry to establish Y2K as payment base'),
(744, '2000-01-01', 0, '80.00', 35, NULL, 'Administrative entry to establish Y2K as payment base'),
(745, '2000-01-01', 0, '200.00', 36, NULL, 'Administrative entry to establish Y2K as payment base'),
(746, '2000-01-01', 0, '200.00', 37, NULL, 'Administrative entry to establish Y2K as payment base'),
(747, '2000-01-01', 0, '200.00', 38, NULL, 'Administrative entry to establish Y2K as payment base'),
(748, '2000-01-01', 0, '200.00', 39, NULL, 'Administrative entry to establish Y2K as payment base'),
(749, '2000-01-01', 0, '200.00', 40, NULL, 'Administrative entry to establish Y2K as payment base'),
(750, '2000-01-01', 0, '200.00', 41, NULL, 'Administrative entry to establish Y2K as payment base'),
(751, '2000-01-01', 0, '200.00', 42, NULL, 'Administrative entry to establish Y2K as payment base'),
(752, '2000-01-01', 0, '200.00', 43, NULL, 'Administrative entry to establish Y2K as payment base'),
(753, '2000-01-01', 0, '200.00', 44, NULL, 'Administrative entry to establish Y2K as payment base'),
(754, '2000-01-01', 0, '200.00', 45, NULL, 'Administrative entry to establish Y2K as payment base'),
(755, '2000-01-01', 0, '200.00', 46, NULL, 'Administrative entry to establish Y2K as payment base'),
(756, '2000-01-01', 0, '200.00', 47, NULL, 'Administrative entry to establish Y2K as payment base'),
(757, '2000-01-01', 0, '200.00', 48, NULL, 'Administrative entry to establish Y2K as payment base'),
(758, '2000-01-01', 0, '200.00', 49, NULL, 'Administrative entry to establish Y2K as payment base'),
(759, '2000-01-01', 0, '200.00', 50, NULL, 'Administrative entry to establish Y2K as payment base'),
(760, '2000-01-01', 0, '200.00', 51, NULL, 'Administrative entry to establish Y2K as payment base'),
(761, '2000-01-01', 0, '200.00', 52, NULL, 'Administrative entry to establish Y2K as payment base'),
(762, '2000-01-01', 0, '200.00', 53, NULL, 'Administrative entry to establish Y2K as payment base'),
(763, '2000-01-01', 0, '200.00', 54, NULL, 'Administrative entry to establish Y2K as payment base'),
(764, '2000-01-01', 0, '200.00', 55, NULL, 'Administrative entry to establish Y2K as payment base'),
(765, '2000-01-01', 0, '200.00', 56, NULL, 'Administrative entry to establish Y2K as payment base'),
(766, '2000-01-01', 0, '200.00', 57, NULL, 'Administrative entry to establish Y2K as payment base'),
(767, '2000-01-01', 0, '200.00', 58, NULL, 'Administrative entry to establish Y2K as payment base'),
(768, '2000-01-01', 0, '200.00', 59, NULL, 'Administrative entry to establish Y2K as payment base'),
(769, '2000-01-01', 0, '200.00', 60, NULL, 'Administrative entry to establish Y2K as payment base'),
(770, '2000-01-01', 0, '200.00', 61, NULL, 'Administrative entry to establish Y2K as payment base'),
(771, '2000-01-01', 0, '200.00', 62, NULL, 'Administrative entry to establish Y2K as payment base'),
(772, '2000-01-01', 0, '200.00', 63, NULL, 'Administrative entry to establish Y2K as payment base'),
(773, '2000-01-01', 0, '200.00', 64, NULL, 'Administrative entry to establish Y2K as payment base'),
(774, '2000-01-01', 0, '200.00', 65, NULL, 'Administrative entry to establish Y2K as payment base'),
(775, '2000-01-01', 0, '200.00', 66, NULL, 'Administrative entry to establish Y2K as payment base'),
(776, '2000-01-01', 0, '80.00', 67, NULL, 'Administrative entry to establish Y2K as payment base'),
(777, '2000-01-01', 0, '160.00', 68, NULL, 'Administrative entry to establish Y2K as payment base'),
(778, '2015-12-30', 692, '40.00', 51, 84, ''),
(779, '2016-02-17', 5215, '40.00', 25, 85, ''),
(781, '2016-05-11', 10806509, '40.00', 23, 87, 'Freedom Title 16LT00919'),
(782, '2016-05-26', 364828, '40.00', 51, 88, 'US Title File 556416'),
(783, '2016-07-29', 13229, '80.00', 6, 89, 'Regency Title Group'),
(784, '2016-11-07', 1038036, '80.00', 58, 90, 'US Title File# 16-13121'),
(785, '2016-11-10', 405260, '40.00', 32, 90, 'Investors Title File # 571763'),
(786, '2016-11-25', 1578, '40.00', 9, 91, ''),
(787, '2016-11-28', 3992, '40.00', 10, 91, ''),
(788, '2016-11-25', 2040, '40.00', 12, 91, ''),
(789, '2016-12-01', 7984, '40.00', 13, 91, ''),
(790, '2016-11-23', 408759, '40.00', 15, 91, 'Investors Title File # 554009'),
(791, '2016-11-29', 2867, '40.00', 16, 91, ''),
(792, '2016-11-25', 4410, '40.00', 17, 91, ''),
(793, '2016-11-25', 7895, '40.00', 18, 91, ''),
(794, '2016-11-28', 2178, '40.00', 19, 91, ''),
(795, '2016-11-27', 118, '40.00', 21, 91, ''),
(796, '2016-11-28', 898, '40.00', 22, 91, ''),
(797, '2016-11-25', 1637, '40.00', 31, 91, ''),
(798, '2016-11-24', 2846, '40.00', 44, 91, ''),
(799, '2016-11-26', 4811, '40.00', 45, 91, ''),
(800, '2016-11-24', 2691, '40.00', 49, 91, ''),
(801, '2016-11-25', 4974, '40.00', 55, 91, ''),
(802, '2016-11-26', 1160, '40.00', 56, 91, ''),
(803, '2016-11-28', 6143, '40.00', 62, 91, ''),
(804, '2016-12-01', 8013, '40.00', 66, 91, ''),
(805, '2016-12-01', 995463, '40.00', 67, 91, ''),
(806, '2016-11-22', 6405, '40.00', 68, 91, ''),
(807, '2016-11-19', 5492, '40.00', 35, 91, ''),
(808, '2016-11-23', 1024, '40.00', 38, 91, ''),
(809, '2016-12-01', 5050, '40.00', 1, 92, ''),
(810, '2016-11-29', 3441, '40.00', 3, 92, ''),
(811, '2016-12-02', 4788, '40.00', 4, 92, ''),
(812, '2016-12-03', 683, '40.00', 8, 92, ''),
(813, '2016-12-16', 7354, '40.00', 11, 92, ''),
(814, '2016-12-01', 4805, '40.00', 20, 92, ''),
(815, '2016-12-03', 2274, '40.00', 27, 92, ''),
(816, '2016-12-01', 4277, '40.00', 30, 92, ''),
(817, '2016-11-24', 2806, '40.00', 36, 92, ''),
(818, '2016-12-10', 2018, '40.00', 37, 92, ''),
(819, '2016-12-02', 5220, '40.00', 43, 92, ''),
(820, '2016-12-12', 5878, '40.00', 50, 92, ''),
(821, '2016-12-14', 373, '80.00', 52, 92, ''),
(822, '2016-12-05', 8916, '40.00', 59, 92, ''),
(823, '2016-12-04', 1010, '40.00', 60, 92, ''),
(824, '2016-12-09', 4819, '40.00', 61, 92, ''),
(825, '2016-12-03', 682, '40.00', 64, 92, ''),
(826, '2016-12-19', 1326, '40.00', 28, 93, ''),
(827, '2017-01-06', 1586, '40.00', 34, 93, ''),
(828, '2016-12-23', 1047, '30.00', 39, 93, ''),
(829, '2016-12-30', 377, '40.00', 40, 93, ''),
(830, '2017-01-27', 5708, '40.00', 41, 93, ''),
(831, '2016-12-19', 3337, '40.00', 42, 93, ''),
(832, '2016-12-07', 2722, '40.00', 48, 93, ''),
(833, '2016-12-19', 2793, '40.00', 53, 93, ''),
(834, '2016-12-10', 1518, '40.00', 54, 93, ''),
(835, '2016-12-29', 2852, '40.00', 63, 93, ''),
(836, '2017-02-14', 241, '40.00', 14, 94, ''),
(837, '2017-02-10', 5740, '40.00', 33, 94, ''),
(838, '2017-05-31', 158, '120.00', 29, 95, ''),
(839, '2017-05-24', 5238, '40.00', 25, 95, ''),
(840, '2017-09-22', 1080400, '40.00', 3, 96, 'US Title File # 17-04711'),
(841, '2017-08-31', 12024108, '40.00', 42, 96, 'BCHH Inc,  Citibank,  N.A. 17055156-Z'),
(842, '2017-10-27', 1084911, '40.00', 34, 97, 'US Title File # 17-12797'),
(843, '2017-12-12', 5240, '40.00', 1, 98, ''),
(844, '2017-12-10', 724, '40.00', 8, 98, ''),
(845, '2017-12-09', 1670, '40.00', 9, 98, ''),
(846, '2017-12-11', 4053, '40.00', 10, 98, ''),
(847, '2017-12-11', 2266, '40.00', 12, 98, ''),
(848, '2017-12-18', 8222, '40.00', 13, 98, ''),
(849, '2017-12-13', 162, '40.00', 15, 98, ''),
(850, '2017-12-17', 2930, '40.00', 16, 98, ''),
(851, '2017-12-08', 4432, '40.00', 17, 98, ''),
(852, '2017-12-09', 7996, '40.00', 18, 98, ''),
(853, '2017-12-14', 5051, '40.00', 20, 98, ''),
(854, '2017-12-11', 752, '40.00', 22, 98, ''),
(855, '2017-12-11', 2086, '40.00', 23, 98, ''),
(856, '2017-12-14', 1090657, '80.00', 24, 98, 'US Title File # 17-13201'),
(857, '2017-12-10', 2522, '40.00', 27, 98, ''),
(858, '2017-12-15', 4518, '40.00', 30, 98, ''),
(859, '2017-12-09', 1712, '40.00', 31, 98, ''),
(860, '2017-12-11', 136, '40.00', 32, 98, ''),
(861, '2017-12-12', 2127, '40.00', 37, 98, ''),
(862, '2017-12-14', 1084, '40.00', 39, 98, ''),
(863, '2017-12-14', 5275, '40.00', 43, 98, ''),
(864, '2017-12-12', 2946, '40.00', 44, 98, ''),
(865, '2017-12-11', 4879, '40.00', 45, 98, ''),
(866, '2017-12-11', 2772, '40.00', 49, 98, ''),
(867, '2017-12-18', 2807, '40.00', 53, 98, ''),
(868, '2017-12-11', 5112, '40.00', 55, 98, ''),
(869, '2017-12-10', 1096, '40.00', 56, 98, ''),
(870, '2017-12-11', 9333, '40.00', 59, 98, ''),
(871, '2017-12-11', 857, '40.00', 64, 98, ''),
(872, '2017-12-13', 995556, '40.00', 67, 98, ''),
(873, '2017-12-15', 6504, '40.00', 68, 98, ''),
(874, '2017-12-21', 5588, '40.00', 35, 98, ''),
(875, '2017-12-10', 2783, '40.00', 36, 98, ''),
(876, '2017-12-11', 1041, '40.00', 38, 98, ''),
(877, '2017-12-22', 7689, '40.00', 11, 99, ''),
(878, '2017-12-27', 265, '40.00', 14, 99, ''),
(879, '2017-12-19', 2309, '40.00', 19, 99, ''),
(880, '2017-12-28', 119, '40.00', 21, 99, ''),
(881, '2017-12-29', 420, '40.00', 40, 99, ''),
(882, '2017-12-21', 886705, '80.00', 46, 99, ''),
(883, '2017-12-27', 2735, '40.00', 48, 99, ''),
(884, '2017-12-28', 6064, '40.00', 50, 99, ''),
(885, '2017-12-22', 219, '40.00', 51, 99, ''),
(886, '2017-12-20', 1039, '40.00', 60, 99, ''),
(887, '2017-12-19', 4892, '40.00', 61, 99, ''),
(888, '2017-12-18', 6336, '40.00', 62, 99, ''),
(889, '2017-12-27', 2897, '40.00', 63, 99, ''),
(890, '2017-12-26', 8242, '40.00', 66, 99, ''),
(891, '2018-01-06', 5097, '40.00', 4, 100, ''),
(892, '2018-01-14', 1544, '40.00', 28, 101, ''),
(893, '2018-01-14', 6, '170.00', 65, 101, ''),
(894, '2018-04-03', 509153, '40.00', 68, 102, 'Investors Title File # 606335'),
(895, '2018-04-04', 1546, '40.00', 54, 102, ''),
(896, '2018-11-25', 5448, '40.00', 1, 103, ''),
(897, '2018-11-20', 749, '40.00', 8, 103, ''),
(898, '2018-11-14', 1736, '40.00', 9, 103, ''),
(899, '2018-11-20', 4096, '40.00', 10, 103, ''),
(900, '2018-11-28', 7799, '40.00', 11, 103, ''),
(901, '2018-11-15', 2470, '40.00', 12, 103, ''),
(902, '2018-11-21', 8432, '40.00', 13, 103, ''),
(903, '2018-11-25', 2984, '40.00', 16, 103, ''),
(904, '2018-11-14', 4481, '40.00', 17, 103, ''),
(905, '2018-11-18', 8080, '40.00', 18, 103, ''),
(906, '2018-11-18', 2418, '40.00', 19, 103, ''),
(907, '2018-11-26', 5239, '40.00', 20, 103, ''),
(908, '2018-11-15', 801, '40.00', 22, 103, ''),
(909, '2018-11-19', 2108, '40.00', 23, 103, ''),
(910, '2018-11-15', 2608, '40.00', 27, 103, ''),
(911, '2018-11-15', 1082, '40.00', 30, 103, ''),
(912, '2018-11-29', 1784, '40.00', 31, 103, ''),
(913, '2018-11-13', 138, '40.00', 32, 103, ''),
(914, '2018-11-03', 5639, '40.00', 35, 103, ''),
(915, '2018-11-14', 1005, '40.00', 36, 103, ''),
(916, '2018-11-16', 2236, '40.00', 37, 103, ''),
(917, '2018-11-11', 1053, '40.00', 38, 103, ''),
(918, '2018-11-30', 6304, '40.00', 43, 103, ''),
(919, '2018-12-13', 3144, '40.00', 44, 103, ''),
(920, '2018-11-21', 4995, '40.00', 45, 103, ''),
(921, '2018-11-14', 1006, '160.00', 47, 103, ''),
(922, '2018-11-18', 2833, '40.00', 49, 103, ''),
(923, '2018-11-18', 231, '40.00', 51, 103, ''),
(924, '2018-11-17', 2937, '40.00', 53, 103, ''),
(925, '2018-11-26', 1028, '40.00', 56, 103, ''),
(926, '2018-11-19', 9694, '40.00', 59, 103, ''),
(927, '2018-11-20', 4967, '40.00', 61, 103, ''),
(928, '2018-11-12', 6502, '40.00', 62, 103, ''),
(929, '2018-11-20', 995632, '40.00', 67, 103, ''),
(930, '2018-12-14', 5329, '40.00', 4, 104, ''),
(931, '2018-12-10', 1692, '120.00', 7, 104, ''),
(932, '2018-12-01', 122, '40.00', 21, 104, ''),
(933, '2018-12-10', 1542, '40.00', 28, 104, ''),
(934, '2018-12-15', 5805, '80.00', 33, 104, ''),
(935, '2018-12-07', 5018, '40.00', 39, 104, ''),
(936, '2018-12-30', 442, '40.00', 40, 104, ''),
(937, '2018-11-29', 2743, '40.00', 48, 104, ''),
(938, '2018-11-30', 377, '80.00', 52, 104, ''),
(939, '2018-12-01', 262, '40.00', 55, 104, ''),
(940, '2018-11-29', 1064, '40.00', 60, 104, ''),
(941, '2018-12-01', 989, '40.00', 64, 104, ''),
(942, '2018-11-30', 8414, '40.00', 66, 104, ''),
(943, '2019-01-14', 153, '40.00', 3, 105, ''),
(944, '2019-01-13', 2942, '40.00', 63, 105, ''),
(945, '2019-01-03', 5845, '80.00', 41, 105, ''),
(946, '2019-02-11', 82622, '40.00', 42, 105, 'Main Street Renewal,  Acct 1177010'),
(947, '2019-02-15', 168, '40.00', 29, 106, ''),
(948, '2019-04-26', 430003531, '40.00', 43, 106, 'US Title File # 2043019-02519'),
(949, '2019-06-12', 592335, '40.00', 30, 107, 'Investors Title File 638794'),
(950, '2019-06-13', 573615, '40.00', 31, 107, 'Republic Title Order # 1902052'),
(951, '2019-06-20', 11954, '40.00', 42, 107, 'Main Street Renewal LLC,  Austin TX. P1672338'),
(952, '2019-06-06', 2459, '40.00', 42, 108, 'Missouri Escrow Account VARDEZE2-MO-MAIN'),
(953, '2019-08-15', 61428, '120.00', 58, 108, 'True Title Company,  LLC File # AR190324'),
(954, '2019-11-30', 5670, '40.00', 1, 109, ''),
(955, '2019-11-22', 1829, '40.00', 9, 109, ''),
(956, '2019-11-27', 4145, '40.00', 10, 109, ''),
(957, '2019-11-30', 2871, '40.00', 12, 109, ''),
(958, '2019-11-27', 8702, '40.00', 13, 109, ''),
(959, '2019-11-22', 355, '80.00', 15, 109, ''),
(960, '2019-11-24', 3038, '40.00', 16, 109, ''),
(961, '2019-11-20', 4543, '40.00', 17, 109, ''),
(962, '2019-12-02', 8173, '40.00', 18, 109, ''),
(963, '2019-11-28', 5381, '40.00', 20, 109, ''),
(964, '2019-11-27', 759, '40.00', 22, 109, ''),
(965, '2019-11-24', 2131, '40.00', 23, 109, ''),
(966, '2019-11-25', 2390, '40.00', 27, 109, ''),
(967, '2019-12-05', 1570, '40.00', 28, 109, ''),
(968, '2019-11-24', 144, '40.00', 32, 109, ''),
(969, '2019-11-17', 5713, '40.00', 35, 109, ''),
(970, '2019-11-25', 1041, '40.00', 36, 109, ''),
(971, '2019-11-22', 2354, '40.00', 37, 109, ''),
(972, '2019-11-20', 5009, '40.00', 38, 109, ''),
(973, '2019-11-26', 5056, '40.00', 39, 109, ''),
(974, '2019-11-22', 3301, '40.00', 44, 109, ''),
(975, '2019-11-24', 5070, '40.00', 45, 109, '');
INSERT INTO `fees` (`id`, `dt`, `ck_no`, `amount`, `fk_lot_id`, `fk_deposit_id`, `note`) VALUES
(976, '2019-11-29', 887065, '80.00', 46, 109, ''),
(977, '2019-11-20', 1204, '40.00', 47, 109, ''),
(978, '2019-11-21', 2908, '40.00', 49, 109, ''),
(979, '2019-11-21', 8002, '80.00', 50, 109, 'Postal Money Order'),
(980, '2019-12-01', 379, '40.00', 52, 109, ''),
(981, '2019-12-07', 3098, '40.00', 53, 109, ''),
(982, '2019-11-29', 221, '40.00', 55, 109, ''),
(983, '2019-11-20', 1272, '40.00', 56, 109, ''),
(984, '2019-11-29', 10109, '40.00', 59, 109, ''),
(985, '2019-11-25', 1095, '40.00', 60, 109, ''),
(986, '2019-11-22', 5050, '40.00', 61, 109, ''),
(987, '2019-11-20', 6665, '40.00', 62, 109, ''),
(988, '2019-12-01', 1103, '40.00', 64, 109, ''),
(989, '2019-11-27', 8595, '40.00', 66, 109, ''),
(990, '2019-12-02', 995732, '40.00', 67, 109, ''),
(991, '2019-11-20', 196, '40.00', 68, 109, ''),
(992, '2019-12-27', 5527, '40.00', 4, 110, ''),
(993, '2019-12-30', 1032, '120.00', 6, 110, ''),
(994, '2019-12-23', 770, '40.00', 8, 110, ''),
(995, '2019-12-08', 8026, '40.00', 11, 110, ''),
(996, '2019-12-08', 124, '40.00', 21, 110, ''),
(997, '2019-12-06', 37171, '40.00', 42, 110, 'Main Street Renewal LLC,  Vendor# V0009294'),
(998, '2019-12-11', 5023, '40.00', 51, 110, ''),
(999, '2019-12-19', 1508, '80.00', 54, 110, ''),
(1000, '2019-12-07', 2980, '40.00', 63, 110, ''),
(1001, '2019-12-20', 63, '80.00', 65, 110, ''),
(1002, '2020-01-20', 1003, '40.00', 3, 111, ''),
(1003, '2020-01-20', 2570, '40.00', 19, 111, ''),
(1004, '2019-12-19', 182, '40.00', 29, 111, ''),
(1005, '2019-12-15', 9762, '40.00', 40, 111, ''),
(1006, '2020-01-12', 2545, '40.00', 48, 111, ''),
(1007, '2020-03-25', 74437, '40.00', 15, 112, 'TCLTS 3908787'),
(1008, '2020-02-20', 1821, '40.00', 7, 113, ''),
(1009, '2020-06-09', 130, '80.00', 41, 114, ''),
(1010, '2020-07-21', 11646, '40.00', 51, 115, 'Touchstone Title File: 202609,  TAC: 12728030'),
(1011, '2020-07-30', 78438, '40.00', 67, 116, 'Investors Title File: 670307'),
(1014, '2020-10-09', 94804, '120.00', 24, 117, 'Investors Title File: 680147'),
(1018, '2020-11-13', 158, '40.00', 3, 118, ''),
(1019, '2020-11-08', 5761, '40.00', 35, 118, ''),
(1020, '2020-11-10', 1080, '40.00', 36, 118, ''),
(1038, '2020-11-09', 3017, '40.00', 9, 119, ''),
(1039, '2020-11-07', 4515, '40.00', 10, 119, ''),
(1040, '2020-11-08', 3049, '40.00', 12, 119, ''),
(1041, '2020-11-10', 4585, '40.00', 17, 119, ''),
(1042, '2020-11-10', 8245, '40.00', 18, 119, ''),
(1043, '2020-11-14', 3353, '40.00', 31, 119, ''),
(1044, '2020-11-14', 149, '40.00', 32, 119, ''),
(1045, '2020-11-09', 5859, '80.00', 33, 119, ''),
(1046, '2020-11-15', 5029, '40.00', 38, 119, ''),
(1047, '2020-11-18', 1066, '40.00', 40, 119, ''),
(1048, '2020-11-10', 1380, '40.00', 47, 119, ''),
(1049, '2020-11-17', 2989, '40.00', 49, 119, ''),
(1050, '2020-11-19', 3217, '40.00', 53, 119, ''),
(1051, '2020-11-12', 124, '40.00', 58, 119, ''),
(1052, '2020-11-13', 10438, '40.00', 59, 119, ''),
(1053, '2020-11-14', 5139, '40.00', 61, 119, ''),
(1054, '2020-11-09', 6810, '40.00', 62, 119, ''),
(1075, '2020-11-18', 8964, '40.00', 13, 120, ''),
(1076, '2020-12-01', 887248, '40.00', 46, 120, ''),
(1077, '2020-11-25', 8763, '40.00', 66, 120, ''),
(1078, '2020-11-18', 5865, '40.00', 1, 120, ''),
(1079, '2020-11-18', 3098, '40.00', 16, 120, ''),
(1080, '2020-11-21', 2680, '40.00', 19, 120, ''),
(1081, '2020-11-30', 5575, '40.00', 20, 120, ''),
(1082, '2020-11-19', 763, '40.00', 22, 120, ''),
(1083, '2020-11-29', 2142, '40.00', 23, 120, ''),
(1084, '2020-11-27', 852, '40.00', 30, 120, ''),
(1085, '2020-11-23', 2457, '40.00', 37, 120, ''),
(1086, '2020-11-23', 3433, '40.00', 44, 120, ''),
(1087, '2020-11-20', 5147, '40.00', 45, 120, ''),
(1088, '2020-11-23', 6430, '40.00', 50, 120, ''),
(1089, '2020-11-23', 380, '40.00', 52, 120, ''),
(1090, '2020-11-14', 185, '40.00', 54, 120, ''),
(1091, '2020-11-20', 511, '40.00', 55, 120, ''),
(1092, '2020-11-22', 1231, '40.00', 56, 120, ''),
(1093, '2020-11-24', 1123, '40.00', 60, 120, ''),
(1094, '2020-11-23', 1195, '40.00', 64, 120, ''),
(1101, '2020-12-01', 780, '40.00', 8, 121, ''),
(1102, '2020-12-01', 8110, '40.00', 11, 121, ''),
(1103, '2020-12-18', 1001, '40.00', 21, 121, ''),
(1104, '2020-12-07', 1448, '40.00', 28, 121, ''),
(1105, '2020-12-20', 557, '120.00', 34, 121, ''),
(1106, '2020-12-01', 210, '40.00', 68, 121, ''),
(1107, '2021-01-07', 5651, '40.00', 4, 122, ''),
(1108, '2021-02-04', 1906, '40.00', 7, 122, ''),
(1109, '2021-01-11', 5279, '160.00', 25, 122, ''),
(1110, '2020-12-29', 1306, '40.00', 39, 122, ''),
(1111, '2020-12-29', 104, '40.00', 65, 122, ''),
(1116, '2021-02-19', 1946, '240.00', 2, 123, ''),
(1117, '2021-02-19', 410006014, '40.00', 21, 123, 'US Title File# 2041021-01227'),
(1118, '2021-03-10', 116490, '40.00', 42, 123, 'Main Street Renewal LLC, Vendor# v0009294'),
(1119, '2021-03-02', 123898, '40.00', 60, 123, 'Investors Title, File# 692085'),
(1121, '2021-04-20', 430009304, '40.00', 28, 124, 'US Title File# 2043021-03358'),
(1124, '2021-08-23', 173980, '80.00', 6, 125, 'Title Partners Agency, LLC 21-292361-CR/54'),
(1125, '2021-09-09', 22906, '40.00', 39, 125, 'Synergy Title SYN2116592'),
(1145, '2021-11-17', 2373, '40.00', 1, 126, ''),
(1146, '2021-11-15', 8169, '40.00', 11, 126, ''),
(1147, '2021-11-14', 3235, '40.00', 12, 126, ''),
(1148, '2021-11-13', 3138, '40.00', 16, 126, ''),
(1149, '2021-11-15', 4648, '40.00', 17, 126, ''),
(1150, '2021-11-13', 8329, '40.00', 18, 126, ''),
(1151, '2021-11-18', 804, '40.00', 22, 126, ''),
(1152, '2021-11-16', 3417, '40.00', 31, 126, ''),
(1153, '2021-11-17', 181, '40.00', 32, 126, ''),
(1154, '2021-11-25', 5795, '40.00', 35, 126, ''),
(1155, '2021-11-14', 1067, '40.00', 36, 126, ''),
(1156, '2021-11-21', 5043, '40.00', 38, 126, ''),
(1157, '2021-11-13', 3541, '40.00', 44, 126, ''),
(1158, '2021-11-16', 1576, '40.00', 47, 126, ''),
(1159, '2021-11-13', 6490, '40.00', 50, 126, ''),
(1160, '2021-11-17', 3305, '40.00', 53, 126, ''),
(1161, '2021-11-08', 1289, '40.00', 56, 126, ''),
(1162, '2021-11-14', 10647, '40.00', 59, 126, ''),
(1163, '2021-11-13', 6904, '40.00', 62, 126, ''),
(1180, '2021-12-04', 790, '40.00', 8, 127, ''),
(1181, '2021-12-01', 4559, '40.00', 10, 127, ''),
(1182, '2021-11-29', 9246, '40.00', 13, 127, ''),
(1183, '2021-12-06', 2807, '40.00', 19, 127, ''),
(1184, '2021-12-03', 5769, '40.00', 20, 127, ''),
(1185, '2021-12-01', 2162, '40.00', 23, 127, ''),
(1186, '2021-11-27', 102, '40.00', 30, 127, ''),
(1187, '2021-11-23', 2526, '40.00', 37, 127, ''),
(1188, '2021-11-22', 5270, '40.00', 40, 127, ''),
(1189, '2021-12-02', 5213, '40.00', 45, 127, ''),
(1190, '2021-11-23', 3057, '40.00', 49, 127, ''),
(1191, '2021-11-27', 433, '40.00', 55, 127, ''),
(1192, '2021-11-23', 3040, '80.00', 63, 127, ''),
(1193, '2021-11-22', 1252, '40.00', 64, 127, ''),
(1194, '2021-12-10', 8926, '40.00', 66, 127, ''),
(1195, '2021-12-01', 176146, '40.00', 33, 127, 'Investors Title File 716041'),
(1206, '2021-12-24', 2019, '40.00', 7, 128, ''),
(1207, '2021-12-27', 101, '40.00', 2, 128, ''),
(1208, '2021-12-27', 5730, '40.00', 4, 128, ''),
(1209, '2021-12-15', 107, '40.00', 58, 128, ''),
(1210, '2021-12-03', 5233, '40.00', 61, 128, ''),
(1211, '2021-12-15', 9064, '40.00', 42, 128, ''),
(1212, '2021-12-31', 5063, '40.00', 51, 128, ''),
(1213, '2021-12-15', 2041, '40.00', 68, 128, ''),
(1219, '2022-02-14', 170, '40.00', 3, 129, ''),
(1220, '2022-01-29', 1003, '40.00', 15, 129, ''),
(1221, '2022-03-02', 1, '40.00', 24, 129, 'No number on check'),
(1222, '2022-03-07', 194155, '40.00', 55, 129, 'Title Partners Agency, 22-303944-SRH/93'),
(1223, '2022-02-10', 16, '40.00', 65, 129, ''),
(1225, '2022-04-06', 23361, '120.00', 27, 130, 'Touchstone Title, File ID 220349'),
(1226, '2022-04-04', 209894, '80.00', 54, 131, 'Continental Title, File 22430990'),
(1227, '2021-12-11', 101, '80.00', 48, 131, ''),
(1228, '2022-05-11', 1024, '620.00', 57, 132, ''),
(1232, '2022-06-08', 14487, '80.00', 9, 133, 'Pinnacle Title PTA-14360-22/68'),
(1233, '2022-07-29', 85457, '80.00', 34, 133, 'Alliance Title 15514ATG'),
(1234, '2022-08-02', 72734, '40.00', 58, 133, 'Vision Title BL-22-24586W'),
(1237, '2022-10-25', 560008707, '40.00', 3, 134, 'US Title File 2056022-11433'),
(1238, '2022-09-26', 219440, '40.00', 62, 134, 'Investors Title File 738496'),
(1250, '2022-11-18', 3424, '40.00', 13, 135, ''),
(1251, '2022-11-17', 4717, '40.00', 17, 135, ''),
(1252, '2022-11-17', 8388, '40.00', 18, 135, ''),
(1253, '2022-11-17', 104, '40.00', 22, 135, ''),
(1254, '2022-11-17', 106, '40.00', 30, 135, ''),
(1255, '2022-11-22', 5829, '40.00', 35, 135, ''),
(1256, '2022-11-17', 3623, '40.00', 44, 135, ''),
(1257, '2022-11-18', 3129, '40.00', 49, 135, ''),
(1258, '2022-11-17', 426, '80.00', 52, 135, ''),
(1259, '2022-11-22', 3428, '40.00', 53, 135, ''),
(1260, '2022-11-18', 5321, '40.00', 61, 135, ''),
(1288, '2022-11-21', 6180, '40.00', 1, 136, ''),
(1289, '2022-11-18', 9982, '40.00', 6, 136, ''),
(1290, '2022-11-22', 8233, '40.00', 11, 136, ''),
(1291, '2022-11-19', 3430, '40.00', 12, 136, ''),
(1292, '2022-11-20', 3160, '40.00', 16, 136, ''),
(1293, '2022-11-21', 2922, '40.00', 19, 136, ''),
(1294, '2022-11-25', 5916, '40.00', 20, 136, ''),
(1295, '2022-11-19', 4037, '40.00', 21, 136, ''),
(1296, '2022-11-25', 193, '40.00', 32, 136, ''),
(1297, '2022-11-29', 6134666, '40.00', 33, 136, 'Money Order # 22016134666'),
(1298, '2022-11-27', 5053, '40.00', 38, 136, ''),
(1299, '2022-11-22', 1260, '40.00', 40, 136, ''),
(1300, '2022-11-22', 5749585, '40.00', 50, 136, 'Money Order # 28295749585'),
(1301, '2022-11-11', 759, '40.00', 59, 136, ''),
(1302, '2022-11-23', 276, '40.00', 60, 136, ''),
(1303, '2022-11-20', 1619, '40.00', 64, 136, ''),
(1304, '2022-11-22', 23, '40.00', 65, 136, ''),
(1305, '2022-11-22', 219, '40.00', 68, 136, ''),
(1320, '2022-12-16', 2124, '40.00', 7, 137, ''),
(1321, '2022-11-25', 4612, '40.00', 10, 137, ''),
(1322, '2022-12-02', 2190, '40.00', 23, 137, ''),
(1323, '2022-11-28', 1049, '40.00', 28, 137, ''),
(1324, '2022-11-28', 3390, '40.00', 31, 137, ''),
(1325, '2022-11-30', 2648, '40.00', 37, 137, ''),
(1326, '2022-11-29', 1183, '40.00', 39, 137, ''),
(1327, '2022-12-01', 223504, '40.00', 42, 137, ''),
(1328, '2022-11-28', 5281, '40.00', 45, 137, ''),
(1329, '2022-12-09', 887592, '80.00', 46, 137, ''),
(1330, '2022-11-29', 1767, '40.00', 47, 137, ''),
(1331, '2022-11-28', 1382, '40.00', 56, 137, ''),
(1332, '2022-12-07', 3079, '40.00', 63, 137, ''),
(1333, '2022-11-30', 9052, '40.00', 66, 137, ''),
(1343, '2022-12-31', 5791, '40.00', 4, 138, ''),
(1344, '2022-12-18', 798, '40.00', 8, 138, ''),
(1345, '2023-02-08', 547, '200.00', 14, 138, ''),
(1346, '2023-01-16', 254, '40.00', 48, 138, ''),
(1347, '2023-01-24', 145061, '80.00', 24, 138, 'Integrity Title STL-72589-22/44'),
(1350, '2022-02-23', 5282, '80.00', 25, 139, ''),
(1351, '2022-02-17', 18852, '25.00', 46, 139, ''),
(1353, '2023-05-10', 6071, '80.00', 41, 140, ''),
(1355, '2023-08-04', 19037, '40.00', 65, 141, 'Select Title Group - 3524786312'),
(1381, '2023-11-02', 375756, '40.00', 42, 142, 'Mainstreet Renewal - Amherst Residential LLC'),
(1382, '2023-11-22', 10059, '40.00', 6, 142, ''),
(1383, '2023-11-28', 4646, '40.00', 10, 142, ''),
(1384, '2023-11-27', 8296, '40.00', 11, 142, ''),
(1385, '2023-11-23', 3654, '40.00', 12, 142, ''),
(1386, '2023-11-22', 1054, '80.00', 15, 142, ''),
(1387, '2023-11-20', 4920, '40.00', 17, 142, ''),
(1388, '2023-11-21', 9868, '40.00', 18, 142, ''),
(1389, '2023-11-27', 5987, '40.00', 20, 142, ''),
(1390, '2023-11-22', 110, '40.00', 30, 142, ''),
(1391, '2023-11-25', 3456, '40.00', 31, 142, ''),
(1392, '2023-11-24', 151, '40.00', 32, 142, ''),
(1393, '2023-12-01', 5865, '40.00', 35, 142, ''),
(1394, '2023-11-24', 1019, '80.00', 36, 142, ''),
(1395, '2023-11-25', 2654, '40.00', 37, 142, ''),
(1396, '2023-11-23', 5062, '40.00', 38, 142, ''),
(1397, '2023-11-20', 5454, '40.00', 40, 142, ''),
(1398, '2023-11-21', 3700, '40.00', 44, 142, ''),
(1399, '2023-11-25', 5341, '40.00', 45, 142, ''),
(1400, '2023-11-21', 1918, '40.00', 47, 142, ''),
(1401, '2023-11-20', 6638, '40.00', 50, 142, ''),
(1402, '2023-11-30', 3516, '40.00', 53, 142, ''),
(1403, '2023-11-25', 5433, '40.00', 61, 142, ''),
(1404, '2023-11-27', 1305, '40.00', 64, 142, ''),
(1405, '2023-11-27', 9197, '40.00', 66, 142, ''),
(1416, '2023-11-26', 2034, '40.00', 1, 143, ''),
(1417, '2023-11-28', 3191, '40.00', 16, 143, ''),
(1418, '2023-11-29', 3026, '40.00', 19, 143, ''),
(1419, '2023-12-04', 4070, '40.00', 21, 143, ''),
(1420, '2023-11-25', 105, '40.00', 22, 143, ''),
(1421, '2023-12-01', 0, '40.00', 33, 143, 'Cash payment'),
(1422, '2023-11-27', 18864, '15.00', 46, 143, ''),
(1423, '2023-12-01', 3197, '40.00', 49, 143, ''),
(1424, '2023-12-07', 54, '40.00', 54, 143, ''),
(1425, '2023-11-28', 275, '40.00', 60, 143, ''),
(1438, '2023-12-11', 5852, '40.00', 4, 144, ''),
(1439, '2023-12-12', 2157, '40.00', 7, 144, ''),
(1440, '2023-12-10', 2207, '40.00', 23, 144, ''),
(1441, '2023-12-05', 1384, '40.00', 56, 144, ''),
(1449, '2023-11-23', 0, '40.00', 3, 145, ''),
(1450, '2023-12-18', 800, '40.00', 8, 145, ''),
(1451, '2023-12-13', 9740, '40.00', 13, 145, ''),
(1452, '2023-12-14', 6732, '40.00', 34, 145, ''),
(1453, '2023-12-28', 1071, '40.00', 58, 145, ''),
(1454, '2023-12-20', 32315, '40.00', 59, 145, 'Synergy Title - FILE: SYN2319413'),
(1455, '2023-12-17', 3093, '40.00', 63, 145, ''),
(1458, '2023-12-23', 429, '40.00', 52, 146, ''),
(1459, '2023-12-29', 171, '40.00', 68, 146, ''),
(1464, '2024-01-24', 1037, '40.00', 14, 147, ''),
(1465, '2024-01-10', 5285, '40.00', 25, 147, ''),
(1466, '2023-12-01', 516, '160.00', 29, 147, ''),
(1467, '2024-01-18', 5085, '80.00', 51, 147, ''),
(1469, '2024-05-23', 33593, '40.00', 17, 148, 'Synergy Title, File: SYN2419842');

-- --------------------------------------------------------

--
-- Table structure for table `lot`
--

CREATE TABLE `lot` (
  `id` int(11) NOT NULL,
  `num` int(11) DEFAULT NULL,
  `address` varchar(50) DEFAULT NULL,
  `fk_curr_owner` int(11) DEFAULT NULL,
  `note` varchar(50) DEFAULT NULL
) ENGINE=InnoDB DEFAULT CHARSET=utf8;

--
-- Dumping data for table `lot`
--

INSERT INTO `lot` (`id`, `num`, `address`, `fk_curr_owner`, `note`) VALUES
(1, 3241, '3241 Windwood Trails Drive', 2, NULL),
(2, 3245, '3245 Windwood Trails Drive', 4, NULL),
(3, 3249, '3249 Windwood Trails Drive', 7, NULL),
(4, 1148, '1148 Monza Drive', 8, NULL),
(5, 1153, '1153 Monza Drive', 124, NULL),
(6, 1157, '1157 Monza Drive', 11, NULL),
(7, 1161, '1161 Monza Drive', 13, NULL),
(8, 1165, '1165 Monza Drive', 15, NULL),
(9, 1169, '1169 Monza Drive', 18, NULL),
(10, 1173, '1173 Monza Drive', 20, NULL),
(11, 1177, '1177 Monza Drive', 22, NULL),
(12, 1181, '1181 Monza Drive', 23, NULL),
(13, 1180, '1180 Monza Drive', 24, NULL),
(14, 1176, '1176 Monza Drive', 25, NULL),
(15, 1172, '1172 Monza Drive', 26, NULL),
(16, 1168, '1168 Monza Drive', 29, NULL),
(17, 1164, '1164 Monza Drive', 30, NULL),
(18, 1160, '1160 Monza Drive', 31, NULL),
(19, 3244, '3244 Windwood Trails Drive', 32, NULL),
(20, 3240, '3240 Windwood Trails Drive', 34, NULL),
(21, 3284, '3284 Hyatt Court', 35, NULL),
(22, 3282, '3282 Hyatt Court', 37, NULL),
(23, 3280, '3280 Hyatt Court', 38, NULL),
(24, 3278, '3278 Hyatt Court', 39, NULL),
(25, 3276, '3276 Hyatt Court', 40, NULL),
(26, 3274, '3274 Hyatt Court', 41, NULL),
(27, 3272, '3272 Hyatt Court', 43, NULL),
(28, 3270, '3270 Hyatt Court', 44, NULL),
(29, 3268, '3268 Hyatt Court', 46, NULL),
(30, 3266, '3266 Hyatt Court', 146, NULL),
(31, 3264, '3264 Hyatt Court', 147, NULL),
(32, 3262, '3262 Hyatt Court', 50, NULL),
(33, 3260, '3260 Hyatt Court', 52, NULL),
(34, 3258, '3258 Hyatt Court', 53, NULL),
(35, 3256, '3256 Hyatt Court', 57, NULL),
(36, 3254, '3254 Hyatt Court', 58, NULL),
(37, 3252, '3252 Hyatt Court', 60, NULL),
(38, 3250, '3250 Hyatt Court', 61, NULL),
(39, 3251, '3251 Hyatt Court', 63, NULL),
(40, 3253, '3253 Hyatt Court', 64, NULL),
(41, 3255, '3255 Hyatt Court', 65, NULL),
(42, 3257, '3257 Hyatt Court', 139, NULL),
(43, 1424, '1424 Westin Drive', 145, NULL),
(44, 1416, '1416 Westin Drive', 68, NULL),
(45, 1408, '1408 Westin Drive', 69, NULL),
(46, 3208, '3208 Windwood Trails Drive', 70, NULL),
(47, 3241, '3204 Windwood Trails Drive', 74, NULL),
(48, 3200, '3200 Windwood Trails Drive', 76, NULL),
(49, 1401, '1401 Westin Drive', 77, NULL),
(50, 3216, '3216 Windwood Trails Drive', 78, NULL),
(51, 3220, '3220 Windwood Trails Drive', 81, NULL),
(52, 3224, '3224 Windwood Trails Drive', 84, NULL),
(53, 3228, '3228 Windwood Trails Drive', 85, NULL),
(54, 3232, '3232 Windwood Trails Drive', 87, NULL),
(55, 3287, '3287 Hyatt Court', 89, NULL),
(56, 3283, '3283 Hyatt Court', 90, NULL),
(57, 3279, '3279 Hyatt Court', 91, NULL),
(58, 3275, '3275 Hyatt Court', 148, NULL),
(59, 12, '12 Ritz Court', 95, NULL),
(60, 10, '10 Ritz Court', 96, NULL),
(61, 8, '8 Ritz Court', 98, NULL),
(62, 6, '6 Ritz Court', 99, NULL),
(63, 4, '4 Ritz Court', 101, NULL),
(64, 3263, '3263 Hyatt Court', 102, NULL),
(65, 3259, '3259 Hyatt Court', 104, NULL),
(66, 1425, '1425 Westin Drive', 106, NULL),
(67, 1417, '1417 Westin Drive', 107, NULL),
(68, 1409, '1409 Westin Drive', 111, NULL);

-- --------------------------------------------------------

--
-- Table structure for table `owner`
--

CREATE TABLE `owner` (
  `id` int(11) NOT NULL,
  `fk_lot_id` int(11) DEFAULT NULL,
  `first` varchar(50) DEFAULT NULL,
  `mi` varchar(50) DEFAULT NULL,
  `last` varchar(50) DEFAULT NULL,
  `first_2` varchar(50) DEFAULT NULL,
  `mi_2` varchar(50) DEFAULT NULL,
  `last_2` varchar(50) DEFAULT NULL,
  `address` varchar(50) DEFAULT NULL,
  `city` varchar(50) DEFAULT NULL,
  `state` varchar(50) DEFAULT NULL,
  `zip` varchar(50) DEFAULT NULL,
  `phone` varchar(15) DEFAULT NULL,
  `email` varchar(50) DEFAULT NULL,
  `phone_2` varchar(15) DEFAULT NULL,
  `email_2` varchar(50) DEFAULT NULL,
  `buy_date` date DEFAULT NULL,
  `is_current` tinyint(1) DEFAULT NULL,
  `is_rental` tinyint(1) DEFAULT NULL,
  `notes` varchar(50) DEFAULT NULL
) ENGINE=InnoDB DEFAULT CHARSET=utf8;

--
-- Dumping data for table `owner`
--

INSERT INTO `owner` (`id`, `fk_lot_id`, `first`, `mi`, `last`, `first_2`, `mi_2`, `last_2`, `address`, `city`, `state`, `zip`, `phone`, `email`, `phone_2`, `email_2`, `buy_date`, `is_current`, `is_rental`, `notes`) VALUES
(1, 1, '', '', 'HUD (Foreclosure)', '', '', '', '3241 Windwood Trails Drive', 'Saint Peters', 'MO', '63303', NULL, '', NULL, NULL, '2011-09-22', 0, NULL, NULL),
(2, 1, 'Fred', '', 'Colley', 'Laura', 'E', 'Colley', '2234 Saint Somewhere Drive', 'Hardeeville', 'SC', '29927', '314-707-9944', 'fred_colley@yahoo.com', NULL, 'colleyfli@aol.com', '2013-06-18', 1, 1, NULL),
(3, 1, 'Mark', 'B', 'Boudreaux', '', '', '', '3241 Windwood Trails Drive', 'Saint Peters', 'MO', '63303', NULL, '', NULL, NULL, '1990-01-01', 0, NULL, NULL),
(4, 2, 'Janice', 'L', 'Wing', '', '', '', '3245 Windwood Trails Drive', 'Saint Peters', 'MO', '63303', NULL, 'kwing356@yahoo.com', NULL, NULL, '2011-03-31', 1, NULL, NULL),
(5, 2, 'Renee', '', 'Hill', '', '', '', '3245 Windwood Trails Drive', 'Saint Peters', 'MO', '63303', NULL, '', NULL, NULL, '1990-01-01', 0, NULL, NULL),
(6, 2, 'Ryan', '', 'Keck', 'Lorene', '', 'Meyer', '3245 Windwood Trails Drive', 'Saint Peters', 'MO', '63303', NULL, '', NULL, NULL, '2004-05-07', 0, NULL, NULL),
(7, 3, 'Francisco', '', 'Delapaz', '', '', '', '3249 Windwood Trails Drive', 'Saint Peters', 'MO', '63303', NULL, NULL, NULL, NULL, '1990-01-01', 0, NULL, NULL),
(8, 4, 'Donald', 'R', 'McGuire', 'Michelle', '', 'McGuire', '1148 Monza Drive', 'Saint Peters', 'MO', '63303', NULL, 'mdmcguire@sbcglobal.net', NULL, NULL, '1990-01-01', 1, NULL, NULL),
(9, 5, 'Aamir', '', 'Salaria', 'Susan', 'A', 'Salaria', '1153 Monza Drive', 'Saint Peters', 'MO', '63303', NULL, NULL, NULL, NULL, '2007-09-05', 0, NULL, NULL),
(10, 5, 'Yvonne', 'M', 'Robinson', '', '', '', '1153 Monza Drive', 'Saint Peters', 'MO', '63303', NULL, NULL, NULL, NULL, '1990-01-01', 0, NULL, NULL),
(11, 6, 'Martin', '', 'Tesson', '', '', '', '1157 Monza Drive', 'Saint Peters', 'MO', '63303', '314-587-9324', NULL, NULL, NULL, '2008-12-16', 0, NULL, NULL),
(12, 6, 'Travis', '', 'Renner', '', '', '', '1157 Monza Drive', 'Saint Peters', 'MO', '63303', NULL, NULL, NULL, NULL, '2003-01-03', 0, NULL, NULL),
(13, 7, 'Jeffery', 'R', 'Arle', 'Karen', 'E', 'Arle', '1161 Monza Drive', 'Saint Peters', 'MO', '63303', NULL, NULL, NULL, NULL, '1990-01-01', 1, NULL, NULL),
(14, 8, 'Joshua', '', 'McClure', 'Sabrina', '', 'McClure', '1165 Monza Drive', 'Saint Peters', 'MO', '63303', NULL, NULL, NULL, NULL, '2006-06-16', 0, NULL, NULL),
(15, 8, 'Joel', 'O', 'Hackstadt', '', '', '', '1165 Monza Drive', 'Saint Peters', 'MO', '63303', NULL, NULL, NULL, NULL, '2009-05-28', 1, NULL, NULL),
(16, 8, 'Marilyn', 'K', 'Beck', '', '', '', '1165 Monza Drive', 'Saint Peters', 'MO', '63303', NULL, NULL, NULL, NULL, '1995-06-01', 0, NULL, NULL),
(17, 8, '', '', 'Cody Properties LLC', '', '', '', '1165 Monza Drive', 'Saint Peters', 'MO', '63303', NULL, NULL, NULL, NULL, '2009-03-19', 0, NULL, NULL),
(18, 9, 'Harold', 'E', 'Kunze', 'Edna', 'Lee', 'Kunze', '1169 Monza Drive', 'Saint Peters', 'MO', '63303', NULL, NULL, NULL, NULL, '2005-05-19', 0, NULL, NULL),
(19, 9, 'Devin', '', 'Johnson', 'Amy', '', 'Johnson', '1169 Monza Drive', 'Saint Peters', 'MO', '63303', NULL, NULL, NULL, NULL, '1990-01-01', 0, NULL, NULL),
(20, 10, 'Robert', '', 'Martin', 'Annette', '', 'Martin', '1173 Monza Drive', 'Saint Peters', 'MO', '63303', NULL, 'ruger@att.net', NULL, NULL, '2007-05-08', 1, NULL, NULL),
(21, 10, 'Joseph', 'C', 'Knarr', 'Claudia', '', 'Knarr', '1173 Monza Drive', 'Saint Peters', 'MO', '63303', NULL, '', NULL, NULL, '1990-01-01', 0, NULL, NULL),
(22, 11, 'Karen', 'A', 'Vossenkemper', '', '', '', '1177 Monza Drive', 'Saint Peters', 'MO', '63303', NULL, 'vossenkemperkaren2@gmail.com', NULL, NULL, '1990-01-01', 1, NULL, NULL),
(23, 12, 'Rena', 'Sue', 'Carman', '', '', '', '1181 Monza Drive', 'Saint Peters', 'MO', '63303', NULL, NULL, NULL, NULL, '1999-01-01', 0, NULL, NULL),
(24, 13, 'Thomas', 'P', 'Downing', '', '', '', '6209 Mid Rivers Mall Dr Suite 181', 'Saint Charles', 'MO', '63304', NULL, NULL, NULL, NULL, '1990-01-01', 1, 1, '1180 Monza Drive'),
(25, 14, 'Ruth', 'L', 'Perryman', '', '', '', '1176 Monza Drive', 'Saint Peters', 'MO', '63303', NULL, NULL, NULL, NULL, '1990-01-01', 0, NULL, NULL),
(26, 15, 'Jamie', '', 'Johnson', '', '', '', '1172 Monza Drive', 'Saint Peters', 'MO', '63303', NULL, NULL, NULL, NULL, '2011-10-04', 0, NULL, NULL),
(27, 15, 'Neil', 'R', 'Baldwin', '', '', '', '1172 Monza Drive', 'Saint Peters', 'MO', '63303', NULL, NULL, NULL, NULL, '2007-03-26', 0, NULL, NULL),
(28, 15, 'Michael', 'W', 'Jackson', '', '', '', '1172 Monza Drive', 'Saint Peters', 'MO', '63303', NULL, NULL, NULL, NULL, '1990-01-01', 0, NULL, NULL),
(29, 16, 'Enrico', '', 'Baysic', '', '', '', '1168 Monza Drive', 'Saint Peters', 'MO', '63303', NULL, NULL, NULL, NULL, '1990-01-01', 1, NULL, NULL),
(30, 17, 'Vester', '', 'Adams', 'Joyce', 'M', 'Adams', '1164 Monza Drive', 'Saint Peters', 'MO', '63303', NULL, 'jmadams1042@sbcglobal.net', NULL, NULL, '1990-01-01', 0, NULL, 'page.adams@yahoo.com 636-219-2158'),
(31, 18, 'Harry', 'L', 'Eggleston', 'Doris', 'D', 'Eggleston', '1160 Monza Drive', 'Saint Peters', 'MO', '63303', '636-441-1910', NULL, NULL, NULL, '1990-01-01', 1, NULL, NULL),
(32, 19, 'Herbert', 'S', 'Parks', 'Paula', 'S', 'Parks', '3244 Windwood Trails Drive', 'Saint Peters', 'MO', '63303', NULL, NULL, NULL, NULL, '2006-10-29', 1, NULL, NULL),
(33, 19, 'Mark', 'L', 'Dawson', 'Jayne', 'S', 'Dawson', '3244 Windwood Trails Drive', 'Saint Peters', 'MO', '63303', NULL, NULL, NULL, NULL, '1990-01-01', 0, NULL, NULL),
(34, 20, 'Steven', 'R', 'Ziegler', 'Christine', 'M', 'Ziegler', '3240 Windwood Trails Drive', 'Saint Peters', 'MO', '63303', NULL, NULL, NULL, NULL, '1990-01-01', 1, NULL, NULL),
(35, 21, 'Dennis', 'D', 'Slover', '', '', '', '3284 Hyatt Court', 'Saint Peters', 'MO', '63303', NULL, 'denny2000@gmail.com', NULL, NULL, '2009-10-05', 0, NULL, NULL),
(36, 21, 'Donna', 'T', 'Jordan', '', '', '', '3284 Hyatt Court', 'Saint Peters', 'MO', '63303', NULL, '', NULL, NULL, '2003-08-07', 0, NULL, NULL),
(37, 22, 'Edward', 'Stanley', 'Muckerman', 'Deborah', 'Ann', 'Muckerman', '3282 Hyatt Court', 'Saint Peters', 'MO', '63303', NULL, 'debsmuckerman@gmail.com', NULL, NULL, '1990-01-01', 1, NULL, NULL),
(38, 23, 'Randy', 'K', 'Calhoun', 'Lisa', 'M', 'Calhoun', '3280 Hyatt Court', 'Saint Peters', 'MO', '63303', NULL, 'rlja89@aol.com', NULL, NULL, '1997-08-01', 0, NULL, NULL),
(39, 24, 'Randy', 'W', 'Martin', 'Kelly', 'A', 'Martin', '3278 Hyatt Court', 'Saint Peters', 'MO', '63303', NULL, NULL, NULL, NULL, '1990-01-01', 0, NULL, NULL),
(40, 25, 'Michael', 'J', 'Williams', 'Tamara', 'A', 'Davis', '3276 Hyatt Court', 'Saint Peters', 'MO', '63303', NULL, NULL, NULL, NULL, '2010-06-11', 1, NULL, NULL),
(41, 26, 'Toby', '', 'Hayek', 'Sarah', '', 'Hayek', '3274 Hyatt Court', 'Saint Peters', 'MO', '63303', '314-239-9828', 'tobyhayek@yahoo.com', NULL, NULL, '2006-05-15', 0, NULL, NULL),
(42, 25, 'Amanda', '', 'Templer', '', '', '', '3276 Hyatt Court', 'Saint Peters', 'MO', '63303', NULL, NULL, NULL, NULL, '1994-08-01', 0, NULL, NULL),
(43, 27, 'Mikailou', '', 'Diarra', '', '', '', '3272 Hyatt Court', 'Saint Peters', 'MO', '63303', NULL, NULL, NULL, NULL, '1990-01-01', 0, NULL, NULL),
(44, 28, 'Keith', 'A', 'Taylor', 'Christen', '', 'Law', '3270 Hyatt Court', 'Saint Peters', 'MO', '63303', NULL, NULL, NULL, NULL, '2012-04-04', 0, NULL, NULL),
(45, 28, 'Jane', 'C', 'Ruff', '', '', '', '3270 Hyatt Court', 'Saint Peters', 'MO', '63303', NULL, NULL, NULL, NULL, '1990-01-01', 0, NULL, NULL),
(46, 29, 'Steven', 'M', 'Bellistri', 'Katherine', 'M', 'Bellistri', '3268 Hyatt Court', 'Saint Peters', 'MO', '63303', NULL, NULL, NULL, NULL, '2006-11-06', 1, NULL, NULL),
(47, 29, 'Jimmy', '', 'Acton', 'Marcia', '', 'Acton', '3268 Hyatt Court', 'Saint Peters', 'MO', '63303', NULL, NULL, NULL, NULL, '2001-04-24', 0, NULL, NULL),
(48, 30, 'Kenneth', 'J', 'Litton', 'Carol', 'A', 'Litton', '3266 Hyatt Court', 'Saint Peters', 'MO', '63303', NULL, 'kclitton@integrity.com', NULL, NULL, '2002-09-13', 0, NULL, NULL),
(49, 31, 'Otis', '', 'Pyke', 'Virginia', 'J', 'Pyke', '3264 Hyatt Court', 'Saint Peters', 'MO', '63303', NULL, NULL, NULL, NULL, '1990-01-01', 0, NULL, NULL),
(50, 32, 'Christopher', 'C', 'Money', 'Carrie', 'J', 'Money', '3262 Hyatt Court', 'Saint Peters', 'MO', '63303', NULL, 'cmoneydd214@yahoo.com', NULL, NULL, '2007-02-28', 0, NULL, NULL),
(51, 32, 'David', 'A', 'Belyew', 'Kristan', 'E', 'Belyew', '3262 Hyatt Court', 'Saint Peters', 'MO', '63303', NULL, '', NULL, NULL, '1990-01-01', 0, NULL, NULL),
(52, 33, 'David', 'W', 'Mclaughliln', 'Janelle', 'E', 'Mclaughlin', '3260 Hyatt Court', 'Saint Peters', 'MO', '63303', NULL, NULL, NULL, NULL, '1990-01-01', 1, NULL, NULL),
(53, 34, 'Pamela', 'J', 'Butters', '', '', '', '3258 Hyatt Court', 'Saint Peters', 'MO', '63303', NULL, NULL, NULL, NULL, '2011-12-22', 0, NULL, NULL),
(54, 34, 'Huso', '', 'Osmankovic', 'Minka', '', 'Osmankovic', '3258 Hyatt Court', 'Saint Peters', 'MO', '63303', NULL, NULL, NULL, NULL, '2005-06-03', 0, NULL, NULL),
(55, 34, 'Chris', '', 'Gunn', 'Katrina', '', 'Gunn', '3258 Hyatt Court', 'Saint Peters', 'MO', '63303', NULL, NULL, NULL, NULL, NULL, 0, NULL, NULL),
(56, 34, '', '', 'Security Title Insurance Agency LLC', '', '', '', '3258 Hyatt Court', 'Saint Peters', 'MO', '63303', NULL, NULL, NULL, NULL, NULL, 0, NULL, NULL),
(57, 35, 'Steven', 'L', 'Gomez', '', '', '', '3256 Hyatt Court', 'Saint Peters', 'MO', '63303', NULL, 'steve_gomez@usa.net', NULL, NULL, '1990-01-01', 1, NULL, NULL),
(58, 36, 'Hristo', 'A', 'Hristov', 'Krasimira', 'O', 'Hristova', '3254 Hyatt Court', 'Saint Peters', 'MO', '63303', NULL, 'krishristova@abv.bg', NULL, NULL, '2005-03-15', 1, NULL, NULL),
(59, 36, 'Jeremy', '', 'Johnston', 'Jessica', '', 'Johnston', '3254 Hyatt Court', 'Saint Peters', 'MO', '63303', NULL, '', NULL, NULL, NULL, 0, NULL, NULL),
(60, 37, 'Lester', 'L', 'Luketin', 'Ida', 'J', 'Luketin', '3252 Hyatt Court', 'Saint Peters', 'MO', '63303', NULL, NULL, NULL, NULL, '1990-01-01', 1, NULL, NULL),
(61, 38, 'Stoyan', 'A', 'Hristov', 'Nadezhda', 'M', 'Hristova', '3250 Hyatt Court', 'Saint Peters', 'MO', '63303', NULL, NULL, NULL, NULL, '2006-06-30', 1, NULL, NULL),
(62, 38, 'Michael', '', 'Sansone', 'Amanda', '', 'Sansone', '3250 Hyatt Court', 'Saint Peters', 'MO', '63303', NULL, NULL, NULL, NULL, '1990-01-01', 0, NULL, NULL),
(63, 39, 'James', 'P', 'Johnson', 'Tricia', 'L', 'Johnson', '3251 Hyatt Court', 'Saint Peters', 'MO', '63303', NULL, NULL, NULL, NULL, '1990-01-01', 0, NULL, NULL),
(64, 40, 'Sheryl', 'K', 'Timm', '', '', '', '3253 Hyatt Court', 'Saint Peters', 'MO', '63303', NULL, NULL, NULL, NULL, '1990-01-01', 0, NULL, NULL),
(65, 41, 'Richard', 'K', 'Zerr', 'Carla', 'S', 'Zerr', '3255 Hyatt Court', 'Saint Peters', 'MO', '63303', NULL, NULL, NULL, NULL, '1990-01-01', 1, NULL, NULL),
(66, 42, 'Markus', 'S', 'Emerson', 'Katriana', 'L', 'Emerson', '3257 Hyatt Court', 'Saint Peters', 'MO', '63303', NULL, NULL, NULL, NULL, '1990-01-01', 0, NULL, NULL),
(67, 43, 'Debbie', '', 'Jackson', 'Michael', 'Wayne', 'Jackson', '1424 Westin Drive', 'Saint Peters', 'MO', '63303', NULL, NULL, NULL, NULL, '1990-01-01', 0, NULL, NULL),
(68, 44, 'Michele', 'M', 'Angelo', '', '', '', '1416 Westin Drive', 'Saint Peters', 'MO', '63303', NULL, NULL, NULL, NULL, '1990-01-01', 1, NULL, NULL),
(69, 45, 'Robert', 'J', 'Beerman', '', '', '', '1408 Westin Drive', 'Saint Peters', 'MO', '63303', NULL, 'bbeerb61@gmail.com', NULL, NULL, '1990-01-01', 1, NULL, NULL),
(70, 46, 'Sandra', 'L', 'McCullough', '', '', '', '3208 Windwood Trails Drive', 'Saint Peters', 'MO', '63303', NULL, 'slmg0163@gmail.com', NULL, NULL, '2013-05-17', 1, NULL, NULL),
(71, 46, 'Adam', 'B', 'Murray', 'Mandy', 'L', 'Murray', '3208 Windwood Trails Drive', 'Saint Peters', 'MO', '63303', NULL, NULL, NULL, NULL, '2009-05-21', 0, NULL, NULL),
(72, 46, 'Denise', 'L', 'Shy', '', '', '', '3208 Windwood Trails Drive', 'Saint Peters', 'MO', '63303', NULL, NULL, NULL, NULL, '2005-04-11', 0, NULL, NULL),
(73, 47, 'Tim', '', 'Galmore', '', '', '', '3204 Windwood Trails Drive', 'Saint Peters', 'MO', '63303', NULL, NULL, NULL, NULL, NULL, 0, NULL, NULL),
(74, 47, '', '', 'Peer Properties LLC', '', '', '', '1093 Arbor Grove Court', 'Chesterfield', 'MO', '63005-4984', '314-657-2558', 'jeffpeer15@yahoo.com', '', '', '2005-06-09', 1, 1, 'SCC DB outdated, manual update, added ph & email'),
(75, 47, '', '', 'Lanpar Corporation', '', '', '', '3204 Windwood Trails Drive', 'Saint Peters', 'MO', '63303', NULL, NULL, NULL, NULL, '2005-04-11', 0, NULL, NULL),
(76, 48, 'Keith', 'L', 'Vollmer', 'Joann', '', 'Vollmer', '3200 Windwood Trails Drive', 'Saint Peters', 'MO', '63303', NULL, 'jvollmer41@yahoo.com', NULL, NULL, '1990-01-01', 1, NULL, NULL),
(77, 49, 'William', 'L', 'Bostwick', '', '', '', '1401 Westin Drive', 'Saint Peters', 'MO', '63303', NULL, NULL, NULL, NULL, '1990-01-01', 1, NULL, NULL),
(78, 50, 'Richard', 'A', 'Palloni', 'Kathy', 'S', 'Palloni', '3216 Windwood Trails Drive', 'Saint Peters', 'MO', '63303', NULL, NULL, NULL, NULL, '2005-05-31', 0, NULL, NULL),
(79, 50, 'Donald', '', 'Blanchfield', '', '', '', '3216 Windwood Trails Drive', 'Saint Peters', 'MO', '63303', NULL, NULL, NULL, NULL, '1990-01-01', 0, NULL, NULL),
(80, 51, 'Adam', 'C', 'Liley', 'Michelle', '', 'Liley', '3220 Windwood Trails Drive', 'Saint Peters', 'MO', '63303', NULL, '', NULL, NULL, '2006-05-25', 0, NULL, NULL),
(81, 51, 'Philip', 'K', 'Sterling', 'Andriana', 'T', 'Sterling', '3220 Windwood Trails Drive', 'Saint Peters', 'MO', '63303', NULL, 'philksterlingjr@gmail.com', NULL, NULL, '2009-03-26', 0, NULL, NULL),
(82, 51, 'Chad', 'M', 'Gerler', 'Melissa', 'A', 'Gerler', '3220 Windwood Trails Drive', 'Saint Peters', 'MO', '63303', NULL, '', NULL, NULL, '1990-01-01', 0, NULL, NULL),
(83, 52, 'Daniel', 'P', 'Jansen', 'Melissa', 'A', 'Jansen', '3224 Windwood Trails Drive', 'Saint Peters', 'MO', '63303', NULL, 'daniel-jansen@sbcglobal.net', NULL, 'melissa.jansen@sbcglobal.net', '1990-01-01', 0, NULL, NULL),
(84, 52, 'Patrick', '', 'Hansen', '', '', '', '3224 Windwood Trails Drive', 'Saint Peters', 'MO', '63303', NULL, '', NULL, '', '2013-11-27', 1, NULL, NULL),
(85, 53, 'Colleen', '', 'Rice', '', '', '', '3228 Windwood Trails Drive', 'Saint Peters', 'MO', '63303', NULL, NULL, NULL, NULL, '1990-01-01', 1, NULL, NULL),
(86, 54, 'Matthew', '', 'Reungert', 'Patricia', '', 'Castello', '3232 Windwood Trails Drive', 'Saint Peters', 'MO', '63303', NULL, '', NULL, '', '2007-06-15', 0, NULL, NULL),
(87, 54, 'Seth', '', 'Schoem', 'Audrey', '', 'Schoem', '3232 Windwood Trails Drive', 'Saint Peters', 'MO', '63303', NULL, 'schoem4@yahoo.com', NULL, '', '2009-10-30', 0, NULL, NULL),
(88, 54, 'Derek', 'A', 'Rone', 'Heather', '', 'Rone', '3232 Windwood Trails Drive', 'Saint Peters', 'MO', '63303', NULL, '', NULL, '', '1990-01-01', 0, NULL, NULL),
(89, 55, 'Janet', 'L', 'Booker', '', '', '', '3287 Hyatt Court', 'Saint Peters', 'MO', '63303', NULL, 'jbooker0928@sbcglobal.net', NULL, NULL, '1990-01-01', 0, NULL, NULL),
(90, 56, 'Roger', 'E', 'Yoakum', 'Darla', 'B', 'Yoakum', '3283 Hyatt Court', 'Saint Peters', 'MO', '63303', NULL, 'yoakum77@att.net', NULL, NULL, '1990-01-01', 1, NULL, NULL),
(91, 57, 'Paul', 'E', 'Yadlosky', 'Julie', 'R', 'Yadlosky', '3279 Hyatt Court', 'Saint Peters', 'MO', '63303', NULL, NULL, NULL, NULL, '1990-01-01', 1, NULL, NULL),
(92, 58, 'Carole', '', 'Frawley', '', '', '', '3275 Hyatt Court', 'Saint Peters', 'MO', '63303', NULL, NULL, NULL, NULL, '2009-02-28', 0, NULL, NULL),
(93, 58, 'Kyle', '', 'Aumiller', '', '', '', '3275 Hyatt Court', 'Saint Peters', 'MO', '63303', NULL, NULL, NULL, NULL, '2012-10-25', 0, NULL, NULL),
(94, 58, 'Virginia', '', 'Manno', 'Paul', '', 'Manno', '3275 Hyatt Court', 'Saint Peters', 'MO', '63303', NULL, NULL, NULL, NULL, '1990-01-01', 0, NULL, NULL),
(95, 59, 'Michael', 'A', 'Bridgett', 'Margaret', 'S', 'Bridgett', '12 Ritz Court', 'Saint Peters', 'MO', '63303', NULL, NULL, NULL, NULL, '1990-01-01', 0, NULL, NULL),
(96, 60, 'Dennis', 'G', 'Pohlmann', '', '', '', '10 Ritz Court', 'Saint Peters', 'MO', '63303', NULL, 'd.pohlman@sbcglobal.net', NULL, NULL, '2007-05-04', 0, NULL, NULL),
(97, 60, 'Darren', '', 'Koontz', '', '', '', '10 Ritz Court', 'Saint Peters', 'MO', '63303', NULL, '', NULL, NULL, '1990-01-01', 0, NULL, NULL),
(98, 61, 'Rico', '', 'Carenza', '', '', '', '8 Ritz Court', 'Saint Peters', 'MO', '63303', NULL, NULL, NULL, NULL, '1990-01-01', 1, NULL, NULL),
(99, 62, 'Donald', '', 'Nanna', 'Dorothy', '', 'Nanna', '6 Ritz Court', 'Saint Peters', 'MO', '63303', NULL, 'nannadane@yahoo.com', NULL, NULL, '2003-02-07', 1, NULL, NULL),
(100, 62, 'Ralph', '', 'Vance', 'Sharon', '', 'Vance', '6 Ritz Court', 'Saint Peters', 'MO', '63303', NULL, 'nannadane@yahoo.com', NULL, NULL, '1990-01-01', 0, NULL, NULL),
(101, 63, 'Thomas', 'S', 'White', 'Elizabeth', 'A', 'White', '4 Ritz Court', 'Saint Peters', 'MO', '63303', NULL, 'gobucks1965@yahoo.com', NULL, 'buckeyenuts729@yahoo.com', '1990-01-01', 1, NULL, NULL),
(102, 64, 'Michael', 'F', 'Gardner', 'Connie', 'L', 'Gardner', '3263 Hyatt Court', 'Saint Peters', 'MO', '63303', NULL, NULL, NULL, NULL, '1990-01-01', 1, NULL, NULL),
(103, 65, 'Mark', 'R', 'Lohrman', 'Clara', 'R', 'Lohrman', '3259 Hyatt Court', 'Saint Peters', 'MO', '63303', NULL, 'jiryis06@yahoo.com', NULL, NULL, '2007-03-02', 0, NULL, NULL),
(104, 65, 'Geries', '', 'Shaheen', 'Amanda', '', 'Shaheen', '3259 Hyatt Court', 'Saint Peters', 'MO', '63303', '217-828-2220', 'jiryis06@yahoo.com', NULL, 'jiryis06@gmail.com', '2012-07-03', 0, NULL, NULL),
(105, 65, 'Christopher', 'C', 'Money', 'Carrie', 'J', 'Money', '3259 Hyatt Court', 'Saint Peters', 'MO', '63303', NULL, 'jiryis06@yahoo.com', NULL, NULL, NULL, 0, NULL, NULL),
(106, 66, 'Christine', 'M', 'Eck', '', '', '', '1425 Westin Drive', 'Saint Peters', 'MO', '63303', NULL, NULL, NULL, NULL, '1990-01-01', 1, NULL, NULL),
(107, 67, 'William', '', 'Wurm', '', '', '', '1417 Westin Drive', 'Saint Peters', 'MO', '63303', NULL, NULL, NULL, NULL, '2008-09-26', 0, NULL, NULL),
(108, 67, '', '', 'Deutsche Bank', '', '', '', '1417 Westin Drive', 'Saint Peters', 'MO', '63303', NULL, NULL, NULL, NULL, '2008-01-01', 0, NULL, NULL),
(109, 67, 'Edwin', '', 'Prater', '', '', '', '1417 Westin Drive', 'Saint Peters', 'MO', '63303', NULL, NULL, NULL, NULL, NULL, 0, NULL, NULL),
(110, 68, '', '', 'Faster House LLC', '', '', '', '1409 Westin Drive', 'Saint Peters', 'MO', '63301', NULL, NULL, NULL, NULL, '2011-08-18', 0, NULL, NULL),
(111, 68, 'Richard', '', 'Cremens', 'Evelyn', '', 'Cremens', '1409 Westin Drive', 'Saint Peters', 'MO', '63303', NULL, NULL, NULL, NULL, '2012-02-17', 0, NULL, NULL),
(112, 68, 'Darrel', 'E', 'Happel', 'Phyllis', 'A', 'Happel', '1409 Westin Drive', 'Saint Peters', 'MO', '63301', NULL, NULL, NULL, NULL, '1990-01-01', 0, NULL, NULL),
(113, 68, 'Thomas', 'S', 'Huling', '', '', '', '1409 Westin Drive', 'Saint Peters', 'MO', '63301', NULL, NULL, NULL, NULL, '2012-02-17', 0, NULL, NULL),
(114, NULL, '', '', 'Continental Title Company', '', '', '', '', '', '', '', NULL, NULL, NULL, NULL, NULL, 0, NULL, NULL),
(115, NULL, '', '', 'Shapiro & Weisman,  LLC', '', '', '', '', '', '', '', NULL, NULL, NULL, NULL, NULL, 0, NULL, NULL),
(116, NULL, '', '', 'Assured Title Company', '', '', '', '', '', '', '', NULL, NULL, NULL, NULL, NULL, 0, NULL, NULL),
(117, NULL, '', '', 'Security Title Insurance Agency,  LLC', '', '', '', '', '', '', '', NULL, NULL, NULL, NULL, NULL, 0, NULL, NULL),
(118, NULL, '', '', 'Keeven Title Services', '', '', '', '', '', '', '', NULL, NULL, NULL, NULL, NULL, 0, NULL, NULL),
(119, NULL, '', '', 'Old Republic Title', '', '', '', '', '', '', '', NULL, NULL, NULL, NULL, NULL, 0, NULL, NULL),
(120, NULL, '', '', 'Abstar Title Company', '', '', '', '', '', '', '', NULL, NULL, NULL, NULL, NULL, 0, NULL, NULL),
(121, NULL, '', '', 'US Title', '', '', '', '', '', '', '', NULL, NULL, NULL, NULL, NULL, 0, NULL, NULL),
(122, NULL, '', '', 'Integrity Land Title Company', '', '', '', '', '', '', '', NULL, NULL, NULL, NULL, NULL, 0, NULL, NULL),
(123, NULL, '', '', 'Investors Title', '', '', '', '', '', '', '', NULL, NULL, NULL, NULL, NULL, 0, NULL, NULL),
(124, 5, '', '', 'Federal National Mortgage Assoc', '', '', '', '', 'Dallas', 'TX', '75265', NULL, NULL, NULL, NULL, '2013-09-05', 0, NULL, NULL),
(125, 5, 'Tanya', '', 'Brown', '', '', '', '1153 Monza Drive', 'Saint Peters', 'MO', '63303', NULL, NULL, NULL, NULL, '2014-06-27', 1, NULL, NULL),
(126, 12, 'Rena', 'S', 'Brinkerhoff', 'William', 'M', 'Brinkerhoff', '1181 Monza Drive', 'Saint Peters', 'MO', '63303', NULL, NULL, NULL, NULL, '2014-04-30', 1, NULL, NULL),
(127, 39, 'Brian', '', 'Vorce', 'Mallory', '', 'Simmons', '3251 Hyatt Court', 'Saint Peters', 'MO', '63303', NULL, NULL, NULL, NULL, '2014-04-07', 0, NULL, NULL),
(128, 26, 'Kevin', 'T', 'Jennings', 'Sarah', 'J', 'Jennings', '3274 Hyatt Court', 'Saint Peters', 'MO', '63303', NULL, NULL, NULL, NULL, '2014-08-28', 1, NULL, NULL),
(129, 50, 'Vivian', 'E', 'Johnson', '', '', '', '3216 Windwood Trails Drive', 'Saint Peters', 'MO', '63303', NULL, NULL, NULL, NULL, '2014-12-22', 1, NULL, NULL),
(130, 60, 'Jessica', '', 'Krems', 'Jonathan', '', 'Krems', '10 Ritz Court', 'Saint Peters', 'MO', '63303', NULL, NULL, NULL, NULL, '2015-08-19', 0, NULL, NULL),
(131, NULL, 'Regency Title Group,  LLC', '', '', '', '', '', '', '', '', '', NULL, NULL, NULL, NULL, NULL, NULL, NULL, NULL),
(132, 14, 'Todd', '', 'Fischer', 'Mary', 'Kate', 'Fischer', '1176 Monza Drive', 'Saint Peters', 'MO', '63303', NULL, NULL, NULL, NULL, '2015-12-30', 1, NULL, NULL),
(133, 15, 'Collin', '', 'Liliensiek', 'Kimberly', '', 'Liliensiek', '1172 Monza Drive', 'Saint Peters', 'MO', '63303', NULL, NULL, NULL, NULL, '2016-04-01', 0, NULL, NULL),
(134, 32, 'Lloyd', '', 'McCowen', '', '', '', '3262 Hyatt Court', 'Saint Peters', 'MO', '63303', NULL, NULL, NULL, NULL, '2016-11-10', 1, NULL, NULL),
(135, 23, 'Shane', '', 'Sullivan', '', '', '', '3280 Hyatt Court', 'Saint Peters', 'MO', '63303', NULL, NULL, NULL, NULL, '2016-05-11', 1, NULL, NULL),
(136, 51, 'Gregory', 'A', 'Petrillo', 'Mary', 'Ann', 'Petrillo', '3220 Windwood Trails Drive', 'Saint Peters', 'MO', '63303', NULL, NULL, NULL, NULL, '2016-05-27', 0, NULL, NULL),
(137, 6, 'Geoffrey', '', 'Gerling', '', '', '', '1157 Monza Drive', 'Saint Peters', 'MO', '63303', NULL, NULL, NULL, NULL, '2016-07-29', 0, NULL, NULL),
(138, 58, 'Whitney', '', 'Moore', '', '', '', '3275 Hyatt Court', 'Saint Peters', 'MO', '63303', NULL, NULL, NULL, NULL, '2016-11-07', 0, NULL, NULL),
(139, 42, 'Alto Asset Company 4 LLC', '', '', '', '', '', '5001 Plaza on the Lake STE 200', 'Austin', 'TX', '78746', NULL, NULL, NULL, NULL, '2017-08-30', 1, NULL, NULL),
(140, 3, 'Timothy', '', 'Steinbrenner', '', '', '', '3249 Windwood Trails Drive', 'Saint Peters', 'MO', '63303', NULL, NULL, '636-317-7550', NULL, '2017-09-22', 0, NULL, NULL),
(141, 34, 'William', '', 'Bryan', 'Amanda', '', 'Bryan', '3258 Hyatt Court', 'Saint Peters', 'MO', '63303', NULL, NULL, NULL, NULL, '2017-10-02', 1, NULL, NULL),
(142, 24, 'Matthew', '', 'Menendez', 'Caroline', 'K', 'Menendez', '3278 Hyatt Court', 'Saint Peters', 'MO', '63303', NULL, NULL, NULL, NULL, '2017-12-14', 0, NULL, NULL),
(143, 55, 'David', '', 'Whitlock', 'Jessica', '', 'Whitlock', '1848 Char Street', 'Arnold', 'MO', '63028', NULL, NULL, NULL, NULL, '2018-03-16', 1, NULL, NULL),
(144, 68, 'Clifford', 'D', 'Gibson', 'Bridget', 'A', 'Roth', '1409 Westin Drive', 'Saint Peters', 'MO', '63303', NULL, NULL, NULL, NULL, '2018-04-09', 1, NULL, NULL),
(145, 43, 'Melinda', '', 'Daugherty', '', '', '', '1424 Westin', 'Saint Peters', 'MO', '63303', '', NULL, NULL, NULL, '2019-06-24', 1, NULL, NULL),
(146, 30, 'Rachel', 'Marie', 'Hunt', '', '', '', '3266 Hyatt Court', 'Saint Peters', 'MO', '63303', '', '', '', '', '2019-06-12', 1, NULL, NULL),
(147, 31, 'Frank', '', 'Degenhardt', '', '', '', '3264 Hyatt Court', 'Saint Peters', 'MO', '63303', '', '', '', '', '2019-06-13', 1, NULL, NULL),
(148, 58, 'Benjamin', '', 'Suntrup', 'Courtney', '', 'Suntrup', '3275 Hyatt Court', 'Saint Peters', 'MO', '63303', '', '', '', '', '2019-08-16', 1, NULL, NULL),
(149, 15, 'Jonathan', '', 'Hibbeler', '', '', '', '1172 Monza Drive', 'Saint Peters', 'MO', '63303', NULL, NULL, NULL, NULL, '2020-03-25', 1, NULL, NULL),
(150, 24, 'Andrea', '', 'Phillips', '', '', '', '3278 Hyatt Court', 'Saint Peters', 'MO', '63303', '636-875-3648', 'andrearuthphillips@gmail.com', NULL, NULL, '2020-10-09', 0, NULL, NULL),
(151, 67, 'Samuel', 'Rodriguez', 'Benitez Ebel', 'Osiris', 'I', 'Morales', '1417 Westin Drive', 'Saint Peters', 'MO', '63303', NULL, NULL, NULL, NULL, '2020-08-07', 1, NULL, NULL),
(152, 51, 'Timothy', 'A', 'Petrillo', 'Emily', 'L', 'Petrillo', '3220 Windwood Trails Drive', 'Saint Peters', 'MO', '63303', NULL, NULL, NULL, NULL, '2020-07-21', 1, NULL, NULL),
(155, 21, 'Sandra', 'K', 'Darr', '', '', '', '3284 Hyatt Court', 'Saint Peters', 'MO', '63303', NULL, NULL, NULL, NULL, '2021-02-24', 1, NULL, NULL),
(156, 60, 'Kimberly', 'M', 'Donihue', '', '', '', '10 Ritz Court', 'Saint Peters', 'MO', '63303', NULL, NULL, NULL, NULL, '2021-03-08', 1, NULL, NULL),
(158, 28, 'Cassie', '', 'Hoffman', '', '', '', '3270 Hyatt Court', 'Saint Peters', 'MO', '63303', NULL, NULL, NULL, NULL, '2021-04-26', 0, NULL, NULL),
(160, 6, 'Sherri', '', 'Gleason', '', '', '', '1157 Monza Drive', 'Saint Peters', 'MO', '63303', NULL, NULL, NULL, NULL, '2021-08-27', 1, NULL, NULL),
(162, 39, 'Elizabeth', '', 'Pagano', 'Paula', 'C', 'Pagano', '3251 Hyatt Court', 'Saint Peters', 'MO', '63303', NULL, NULL, NULL, NULL, '2021-09-10', 1, NULL, NULL),
(164, 40, 'Thiara', 'Jasbir', 'Singh', '', '', '', '3253 Hyatt Court', 'Saint Peters', 'MO', '63303', NULL, NULL, NULL, NULL, '2020-12-29', 1, NULL, NULL),
(175, 17, 'Jaime', 'Lee', 'Gilmet', 'Sean', 'Eric', 'Hoeh', '', '', '', '', '', '', '', '', '2024-05-23', 1, 0, NULL),
(176, 59, 'Timothy', '', 'Grieb', 'Linda', '', 'Grieb', '', '', '', '', '', '', '', '', '2023-12-20', 1, 0, NULL),
(177, 65, 'Matthew', 'J', 'Matyi', 'Jessica', '', 'Waller', '', '', '', '', '', '', '', '', '2023-08-04', 1, 0, NULL),
(178, 3, 'Shane', '', 'Blackledge', 'Amber', '', 'Blackledge', '', '', '', '', '', '', '', '', '2022-10-25', 1, 0, NULL),
(179, 9, 'Lindsay', '', 'Pallarito', 'Cole', 'Andrew', 'Metcalf', '', '', '', '', '', '', '', '', '2022-06-08', 1, 0, NULL),
(180, 21, 'Gina', 'M', 'Rickman', '', '', '', '', '', '', '', '', '', '', '', '1990-01-01', 0, 0, NULL),
(181, 21, 'Raymond', 'J', 'Martin', '', '', '', '', '', '', '', '', '', '', '', '1998-12-01', 0, 0, NULL),
(182, 23, 'Jason', '', 'Tiemeyer', 'Shannon', '', 'Tiemeyer', '', '', '', '', '', '', '', '', '1995-01-01', 0, 0, NULL),
(183, 24, 'Brandon', '', 'Bohot', 'Mara', '', 'Bohot', '', '', '', '', '', '', '', '', '2023-01-31', 1, 0, NULL),
(184, 26, 'Kathleen', 'A', 'Radke', '', '', '', '', '', '', '', '', '', '', '', '2002-08-29', 0, 0, NULL),
(185, 26, 'Kenneth', 'R', 'Fitzgerald', 'Angie', 'K', 'Fitzgerald', '', '', '', '', '', '', '', '', '1990-01-01', 0, 0, NULL),
(186, 27, 'Nathaniel', 'R', 'Orlando', '', '', '', '', '', '', '', '', '', '', '', '2022-04-06', 1, 0, NULL),
(187, 29, 'Ryan', 'D', 'Harris', 'Lisa', 'A', 'Harris', '', '', '', '', '', '', '', '', '1990-01-01', 0, 0, NULL),
(188, 30, 'James', 'P', 'Rable', 'Andrea', 'N', 'Rable', '', '', '', '', '', '', '', '', '1998-03-01', 0, 0, NULL),
(189, 30, 'David', 'W', 'Mitchell', '', '', '', '', '', '', '', '', '', '', '', '1990-01-01', 0, 0, NULL),
(190, 28, 'Marie-Therese', 'Cerre', 'Kish', '', '', '', '', '', '', '', '', '', '', '', '2024-06-27', 1, 0, NULL);

--
-- Indexes for dumped tables
--

--
-- Indexes for table `category`
--
ALTER TABLE `category`
  ADD PRIMARY KEY (`id`);

--
-- Indexes for table `deposit`
--
ALTER TABLE `deposit`
  ADD PRIMARY KEY (`id`),
  ADD KEY `fk_cat_id` (`fk_cat_id`);

--
-- Indexes for table `expense`
--
ALTER TABLE `expense`
  ADD PRIMARY KEY (`id`),
  ADD KEY `fk_cat_id` (`fk_cat_id`);

--
-- Indexes for table `fees`
--
ALTER TABLE `fees`
  ADD PRIMARY KEY (`id`),
  ADD KEY `fk_lot_id` (`fk_lot_id`),
  ADD KEY `fk_deposit_id` (`fk_deposit_id`);

--
-- Indexes for table `lot`
--
ALTER TABLE `lot`
  ADD PRIMARY KEY (`id`);

--
-- Indexes for table `owner`
--
ALTER TABLE `owner`
  ADD PRIMARY KEY (`id`);

--
-- AUTO_INCREMENT for dumped tables
--

--
-- AUTO_INCREMENT for table `category`
--
ALTER TABLE `category`
  MODIFY `id` int(11) NOT NULL AUTO_INCREMENT, AUTO_INCREMENT=10;

--
-- AUTO_INCREMENT for table `expense`
--
ALTER TABLE `expense`
  MODIFY `id` int(11) NOT NULL AUTO_INCREMENT, AUTO_INCREMENT=281;

--
-- AUTO_INCREMENT for table `fees`
--
ALTER TABLE `fees`
  MODIFY `id` int(11) NOT NULL AUTO_INCREMENT, AUTO_INCREMENT=1470;

--
-- AUTO_INCREMENT for table `lot`
--
ALTER TABLE `lot`
  MODIFY `id` int(11) NOT NULL AUTO_INCREMENT, AUTO_INCREMENT=69;

--
-- AUTO_INCREMENT for table `owner`
--
ALTER TABLE `owner`
  MODIFY `id` int(11) NOT NULL AUTO_INCREMENT, AUTO_INCREMENT=191;

--
-- Constraints for dumped tables
--

--
-- Constraints for table `deposit`
--
ALTER TABLE `deposit`
  ADD CONSTRAINT `deposit_ibfk_1` FOREIGN KEY (`fk_cat_id`) REFERENCES `category` (`id`);

--
-- Constraints for table `expense`
--
ALTER TABLE `expense`
  ADD CONSTRAINT `expense_ibfk_1` FOREIGN KEY (`fk_cat_id`) REFERENCES `category` (`id`);

--
-- Constraints for table `fees`
--
ALTER TABLE `fees`
  ADD CONSTRAINT `fees_ibfk_1` FOREIGN KEY (`fk_lot_id`) REFERENCES `lot` (`id`),
  ADD CONSTRAINT `fees_ibfk_2` FOREIGN KEY (`fk_deposit_id`) REFERENCES `deposit` (`id`);
COMMIT;

/*!40101 SET CHARACTER_SET_CLIENT=@OLD_CHARACTER_SET_CLIENT */;
/*!40101 SET CHARACTER_SET_RESULTS=@OLD_CHARACTER_SET_RESULTS */;
/*!40101 SET COLLATION_CONNECTION=@OLD_COLLATION_CONNECTION */;
